Country Name,Year,value
Afghanistan,2003 [YR2003]2004 [YR2004]2005 [YR2005]2006 [YR2006]2007 [YR2007]2008 [YR2008]2009 [YR2009]2010 [YR2010]2011 [YR2011]2012 [YR2012]2013 [YR2013]2014 [YR2014]2015 [YR2015]2016 [YR2016]2017 [YR2017]2018 [YR2018]2019 [YR2019]2020 [YR2020]2021 [YR2021]2022 [YR2022],2986
Africa Eastern and Southern,2003 [YR2003]2004 [YR2004]2005 [YR2005]2006 [YR2006]2007 [YR2007]2008 [YR2008]2009 [YR2009]2010 [YR2010]2011 [YR2011]2012 [YR2012]2013 [YR2013]2014 [YR2014]2015 [YR2015]2016 [YR2016]2017 [YR2017]2018 [YR2018]2019 [YR2019]2020 [YR2020]2021 [YR2021]2022 [YR2022],4199
Africa Western and Central,2003 [YR2003]2004 [YR2004]2005 [YR2005]2006 [YR2006]2007 [YR2007]2008 [YR2008]2009 [YR2009]2010 [YR2010]2011 [YR2011]2012 [YR2012]2013 [YR2013]2014 [YR2014]2015 [YR2015]2016 [YR2016]2017 [YR2017]2018 [YR2018]2019 [YR2019]2020 [YR2020]2021 [YR2021]2022 [YR2022],5221
Albania,2003 [YR2003]2004 [YR2004]2005 [YR2005]2006 [YR2006]2007 [YR2007]2008 [YR2008]2009 [YR2009]2010 [YR2010]2011 [YR2011]2012 [YR2012]2013 [YR2013]2014 [YR2014]2015 [YR2015]2016 [YR2016]2017 [YR2017]2018 [YR2018]2019 [YR2019]2020 [YR2020]2021 [YR2021]2022 [YR2022],692
Algeria,2003 [YR2003]2004 [YR2004]2005 [YR2005]2006 [YR2006]2007 [YR2007]2008 [YR2008]2009 [YR2009]2010 [YR2010]2011 [YR2011]2012 [YR2012]2013 [YR2013]2014 [YR2014]2015 [YR2015]2016 [YR2016]2017 [YR2017]2018 [YR2018]2019 [YR2019]2020 [YR2020]2021 [YR2021]2022 [YR2022],875
American Samoa,2003 [YR2003]2004 [YR2004]2005 [YR2005]2006 [YR2006]2007 [YR2007]2008 [YR2008]2009 [YR2009]2010 [YR2010]2011 [YR2011]2012 [YR2012]2013 [YR2013]2014 [YR2014]2015 [YR2015]2016 [YR2016]2017 [YR2017]2018 [YR2018]2019 [YR2019]2020 [YR2020]2021 [YR2021]2022 [YR2022],9922
Andorra,2003 [YR2003]2004 [YR2004]2005 [YR2005]2006 [YR2006]2007 [YR2007]2008 [YR2008]2009 [YR2009]2010 [YR2010]2011 [YR2011]2012 [YR2012]2013 [YR2013]2014 [YR2014]2015 [YR2015]2016 [YR2016]2017 [YR2017]2018 [YR2018]2019 [YR2019]2020 [YR2020]2021 [YR2021]2022 [YR2022],7263
Angola,2003 [YR2003]2004 [YR2004]2005 [YR2005]2006 [YR2006]2007 [YR2007]2008 [YR2008]2009 [YR2009]2010 [YR2010]2011 [YR2011]2012 [YR2012]2013 [YR2013]2014 [YR2014]2015 [YR2015]2016 [YR2016]2017 [YR2017]2018 [YR2018]2019 [YR2019]2020 [YR2020]2021 [YR2021]2022 [YR2022],1154
Antigua and Barbuda,2003 [YR2003]2004 [YR2004]2005 [YR2005]2006 [YR2006]2007 [YR2007]2008 [YR2008]2009 [YR2009]2010 [YR2010]2011 [YR2011]2012 [YR2012]2013 [YR2013]2014 [YR2014]2015 [YR2015]2016 [YR2016]2017 [YR2017]2018 [YR2018]2019 [YR2019]2020 [YR2020]2021 [YR2021]2022 [YR2022],3648
Arab World,2003 [YR2003]2004 [YR2004]2005 [YR2005]2006 [YR2006]2007 [YR2007]2008 [YR2008]2009 [YR2009]2010 [YR2010]2011 [YR2011]2012 [YR2012]2013 [YR2013]2014 [YR2014]2015 [YR2015]2016 [YR2016]2017 [YR2017]2018 [YR2018]2019 [YR2019]2020 [YR2020]2021 [YR2021]2022 [YR2022],4739
Argentina,2003 [YR2003]2004 [YR2004]2005 [YR2005]2006 [YR2006]2007 [YR2007]2008 [YR2008]2009 [YR2009]2010 [YR2010]2011 [YR2011]2012 [YR2012]2013 [YR2013]2014 [YR2014]2015 [YR2015]2016 [YR2016]2017 [YR2017]2018 [YR2018]2019 [YR2019]2020 [YR2020]2021 [YR2021]2022 [YR2022],733
Armenia,2003 [YR2003]2004 [YR2004]2005 [YR2005]2006 [YR2006]2007 [YR2007]2008 [YR2008]2009 [YR2009]2010 [YR2010]2011 [YR2011]2012 [YR2012]2013 [YR2013]2014 [YR2014]2015 [YR2015]2016 [YR2016]2017 [YR2017]2018 [YR2018]2019 [YR2019]2020 [YR2020]2021 [YR2021]2022 [YR2022],870
Aruba,2003 [YR2003]2004 [YR2004]2005 [YR2005]2006 [YR2006]2007 [YR2007]2008 [YR2008]2009 [YR2009]2010 [YR2010]2011 [YR2011]2012 [YR2012]2013 [YR2013]2014 [YR2014]2015 [YR2015]2016 [YR2016]2017 [YR2017]2018 [YR2018]2019 [YR2019]2020 [YR2020]2021 [YR2021]2022 [YR2022],6574
Australia,2003 [YR2003]2004 [YR2004]2005 [YR2005]2006 [YR2006]2007 [YR2007]2008 [YR2008]2009 [YR2009]2010 [YR2010]2011 [YR2011]2012 [YR2012]2013 [YR2013]2014 [YR2014]2015 [YR2015]2016 [YR2016]2017 [YR2017]2018 [YR2018]2019 [YR2019]2020 [YR2020]2021 [YR2021]2022 [YR2022],1315
Austria,2003 [YR2003]2004 [YR2004]2005 [YR2005]2006 [YR2006]2007 [YR2007]2008 [YR2008]2009 [YR2009]2010 [YR2010]2011 [YR2011]2012 [YR2012]2013 [YR2013]2014 [YR2014]2015 [YR2015]2016 [YR2016]2017 [YR2017]2018 [YR2018]2019 [YR2019]2020 [YR2020]2021 [YR2021]2022 [YR2022],1163
Azerbaijan,2003 [YR2003]2004 [YR2004]2005 [YR2005]2006 [YR2006]2007 [YR2007]2008 [YR2008]2009 [YR2009]2010 [YR2010]2011 [YR2011]2012 [YR2012]2013 [YR2013]2014 [YR2014]2015 [YR2015]2016 [YR2016]2017 [YR2017]2018 [YR2018]2019 [YR2019]2020 [YR2020]2021 [YR2021]2022 [YR2022],1074
"Bahamas, The",2003 [YR2003]2004 [YR2004]2005 [YR2005]2006 [YR2006]2007 [YR2007]2008 [YR2008]2009 [YR2009]2010 [YR2010]2011 [YR2011]2012 [YR2012]2013 [YR2013]2014 [YR2014]2015 [YR2015]2016 [YR2016]2017 [YR2017]2018 [YR2018]2019 [YR2019]2020 [YR2020]2021 [YR2021]2022 [YR2022],1824
Bahrain,2003 [YR2003]2004 [YR2004]2005 [YR2005]2006 [YR2006]2007 [YR2007]2008 [YR2008]2009 [YR2009]2010 [YR2010]2011 [YR2011]2012 [YR2012]2013 [YR2013]2014 [YR2014]2015 [YR2015]2016 [YR2016]2017 [YR2017]2018 [YR2018]2019 [YR2019]2020 [YR2020]2021 [YR2021]2022 [YR2022],1720
Bangladesh,2003 [YR2003]2004 [YR2004]2005 [YR2005]2006 [YR2006]2007 [YR2007]2008 [YR2008]2009 [YR2009]2010 [YR2010]2011 [YR2011]2012 [YR2012]2013 [YR2013]2014 [YR2014]2015 [YR2015]2016 [YR2016]2017 [YR2017]2018 [YR2018]2019 [YR2019]2020 [YR2020]2021 [YR2021]2022 [YR2022],1096
Barbados,2003 [YR2003]2004 [YR2004]2005 [YR2005]2006 [YR2006]2007 [YR2007]2008 [YR2008]2009 [YR2009]2010 [YR2010]2011 [YR2011]2012 [YR2012]2013 [YR2013]2014 [YR2014]2015 [YR2015]2016 [YR2016]2017 [YR2017]2018 [YR2018]2019 [YR2019]2020 [YR2020]2021 [YR2021]2022 [YR2022],2216
Belarus,2003 [YR2003]2004 [YR2004]2005 [YR2005]2006 [YR2006]2007 [YR2007]2008 [YR2008]2009 [YR2009]2010 [YR2010]2011 [YR2011]2012 [YR2012]2013 [YR2013]2014 [YR2014]2015 [YR2015]2016 [YR2016]2017 [YR2017]2018 [YR2018]2019 [YR2019]2020 [YR2020]2021 [YR2021]2022 [YR2022],669
Belgium,2003 [YR2003]2004 [YR2004]2005 [YR2005]2006 [YR2006]2007 [YR2007]2008 [YR2008]2009 [YR2009]2010 [YR2010]2011 [YR2011]2012 [YR2012]2013 [YR2013]2014 [YR2014]2015 [YR2015]2016 [YR2016]2017 [YR2017]2018 [YR2018]2019 [YR2019]2020 [YR2020]2021 [YR2021]2022 [YR2022],1018
Belize,2003 [YR2003]2004 [YR2004]2005 [YR2005]2006 [YR2006]2007 [YR2007]2008 [YR2008]2009 [YR2009]2010 [YR2010]2011 [YR2011]2012 [YR2012]2013 [YR2013]2014 [YR2014]2015 [YR2015]2016 [YR2016]2017 [YR2017]2018 [YR2018]2019 [YR2019]2020 [YR2020]2021 [YR2021]2022 [YR2022],743
Benin,2003 [YR2003]2004 [YR2004]2005 [YR2005]2006 [YR2006]2007 [YR2007]2008 [YR2008]2009 [YR2009]2010 [YR2010]2011 [YR2011]2012 [YR2012]2013 [YR2013]2014 [YR2014]2015 [YR2015]2016 [YR2016]2017 [YR2017]2018 [YR2018]2019 [YR2019]2020 [YR2020]2021 [YR2021]2022 [YR2022],886
Bermuda,2003 [YR2003]2004 [YR2004]2005 [YR2005]2006 [YR2006]2007 [YR2007]2008 [YR2008]2009 [YR2009]2010 [YR2010]2011 [YR2011]2012 [YR2012]2013 [YR2013]2014 [YR2014]2015 [YR2015]2016 [YR2016]2017 [YR2017]2018 [YR2018]2019 [YR2019]2020 [YR2020]2021 [YR2021]2022 [YR2022],7201
Bhutan,2003 [YR2003]2004 [YR2004]2005 [YR2005]2006 [YR2006]2007 [YR2007]2008 [YR2008]2009 [YR2009]2010 [YR2010]2011 [YR2011]2012 [YR2012]2013 [YR2013]2014 [YR2014]2015 [YR2015]2016 [YR2016]2017 [YR2017]2018 [YR2018]2019 [YR2019]2020 [YR2020]2021 [YR2021]2022 [YR2022],1389
Bolivia,2003 [YR2003]2004 [YR2004]2005 [YR2005]2006 [YR2006]2007 [YR2007]2008 [YR2008]2009 [YR2009]2010 [YR2010]2011 [YR2011]2012 [YR2012]2013 [YR2013]2014 [YR2014]2015 [YR2015]2016 [YR2016]2017 [YR2017]2018 [YR2018]2019 [YR2019]2020 [YR2020]2021 [YR2021]2022 [YR2022],818
Bosnia and Herzegovina,2003 [YR2003]2004 [YR2004]2005 [YR2005]2006 [YR2006]2007 [YR2007]2008 [YR2008]2009 [YR2009]2010 [YR2010]2011 [YR2011]2012 [YR2012]2013 [YR2013]2014 [YR2014]2015 [YR2015]2016 [YR2016]2017 [YR2017]2018 [YR2018]2019 [YR2019]2020 [YR2020]2021 [YR2021]2022 [YR2022],1036
Botswana,2003 [YR2003]2004 [YR2004]2005 [YR2005]2006 [YR2006]2007 [YR2007]2008 [YR2008]2009 [YR2009]2010 [YR2010]2011 [YR2011]2012 [YR2012]2013 [YR2013]2014 [YR2014]2015 [YR2015]2016 [YR2016]2017 [YR2017]2018 [YR2018]2019 [YR2019]2020 [YR2020]2021 [YR2021]2022 [YR2022],934
Brazil,2003 [YR2003]2004 [YR2004]2005 [YR2005]2006 [YR2006]2007 [YR2007]2008 [YR2008]2009 [YR2009]2010 [YR2010]2011 [YR2011]2012 [YR2012]2013 [YR2013]2014 [YR2014]2015 [YR2015]2016 [YR2016]2017 [YR2017]2018 [YR2018]2019 [YR2019]2020 [YR2020]2021 [YR2021]2022 [YR2022],997
British Virgin Islands,2003 [YR2003]2004 [YR2004]2005 [YR2005]2006 [YR2006]2007 [YR2007]2008 [YR2008]2009 [YR2009]2010 [YR2010]2011 [YR2011]2012 [YR2012]2013 [YR2013]2014 [YR2014]2015 [YR2015]2016 [YR2016]2017 [YR2017]2018 [YR2018]2019 [YR2019]2020 [YR2020]2021 [YR2021]2022 [YR2022],10358
Brunei Darussalam,2003 [YR2003]2004 [YR2004]2005 [YR2005]2006 [YR2006]2007 [YR2007]2008 [YR2008]2009 [YR2009]2010 [YR2010]2011 [YR2011]2012 [YR2012]2013 [YR2013]2014 [YR2014]2015 [YR2015]2016 [YR2016]2017 [YR2017]2018 [YR2018]2019 [YR2019]2020 [YR2020]2021 [YR2021]2022 [YR2022],1543
Bulgaria,2003 [YR2003]2004 [YR2004]2005 [YR2005]2006 [YR2006]2007 [YR2007]2008 [YR2008]2009 [YR2009]2010 [YR2010]2011 [YR2011]2012 [YR2012]2013 [YR2013]2014 [YR2014]2015 [YR2015]2016 [YR2016]2017 [YR2017]2018 [YR2018]2019 [YR2019]2020 [YR2020]2021 [YR2021]2022 [YR2022],1074
Burkina Faso,2003 [YR2003]2004 [YR2004]2005 [YR2005]2006 [YR2006]2007 [YR2007]2008 [YR2008]2009 [YR2009]2010 [YR2010]2011 [YR2011]2012 [YR2012]2013 [YR2013]2014 [YR2014]2015 [YR2015]2016 [YR2016]2017 [YR2017]2018 [YR2018]2019 [YR2019]2020 [YR2020]2021 [YR2021]2022 [YR2022],917
Burundi,2003 [YR2003]2004 [YR2004]2005 [YR2005]2006 [YR2006]2007 [YR2007]2008 [YR2008]2009 [YR2009]2010 [YR2010]2011 [YR2011]2012 [YR2012]2013 [YR2013]2014 [YR2014]2015 [YR2015]2016 [YR2016]2017 [YR2017]2018 [YR2018]2019 [YR2019]2020 [YR2020]2021 [YR2021]2022 [YR2022],1167
Cabo Verde,2003 [YR2003]2004 [YR2004]2005 [YR2005]2006 [YR2006]2007 [YR2007]2008 [YR2008]2009 [YR2009]2010 [YR2010]2011 [YR2011]2012 [YR2012]2013 [YR2013]2014 [YR2014]2015 [YR2015]2016 [YR2016]2017 [YR2017]2018 [YR2018]2019 [YR2019]2020 [YR2020]2021 [YR2021]2022 [YR2022],1181
Cambodia,2003 [YR2003]2004 [YR2004]2005 [YR2005]2006 [YR2006]2007 [YR2007]2008 [YR2008]2009 [YR2009]2010 [YR2010]2011 [YR2011]2012 [YR2012]2013 [YR2013]2014 [YR2014]2015 [YR2015]2016 [YR2016]2017 [YR2017]2018 [YR2018]2019 [YR2019]2020 [YR2020]2021 [YR2021]2022 [YR2022],736
Cameroon,2003 [YR2003]2004 [YR2004]2005 [YR2005]2006 [YR2006]2007 [YR2007]2008 [YR2008]2009 [YR2009]2010 [YR2010]2011 [YR2011]2012 [YR2012]2013 [YR2013]2014 [YR2014]2015 [YR2015]2016 [YR2016]2017 [YR2017]2018 [YR2018]2019 [YR2019]2020 [YR2020]2021 [YR2021]2022 [YR2022],731
Canada,2003 [YR2003]2004 [YR2004]2005 [YR2005]2006 [YR2006]2007 [YR2007]2008 [YR2008]2009 [YR2009]2010 [YR2010]2011 [YR2011]2012 [YR2012]2013 [YR2013]2014 [YR2014]2015 [YR2015]2016 [YR2016]2017 [YR2017]2018 [YR2018]2019 [YR2019]2020 [YR2020]2021 [YR2021]2022 [YR2022],1328
Caribbean small states,2003 [YR2003]2004 [YR2004]2005 [YR2005]2006 [YR2006]2007 [YR2007]2008 [YR2008]2009 [YR2009]2010 [YR2010]2011 [YR2011]2012 [YR2012]2013 [YR2013]2014 [YR2014]2015 [YR2015]2016 [YR2016]2017 [YR2017]2018 [YR2018]2019 [YR2019]2020 [YR2020]2021 [YR2021]2022 [YR2022],5361
Cayman Islands,2003 [YR2003]2004 [YR2004]2005 [YR2005]2006 [YR2006]2007 [YR2007]2008 [YR2008]2009 [YR2009]2010 [YR2010]2011 [YR2011]2012 [YR2012]2013 [YR2013]2014 [YR2014]2015 [YR2015]2016 [YR2016]2017 [YR2017]2018 [YR2018]2019 [YR2019]2020 [YR2020]2021 [YR2021]2022 [YR2022],8895
Central African Republic,2003 [YR2003]2004 [YR2004]2005 [YR2005]2006 [YR2006]2007 [YR2007]2008 [YR2008]2009 [YR2009]2010 [YR2010]2011 [YR2011]2012 [YR2012]2013 [YR2013]2014 [YR2014]2015 [YR2015]2016 [YR2016]2017 [YR2017]2018 [YR2018]2019 [YR2019]2020 [YR2020]2021 [YR2021]2022 [YR2022],2570
Central Europe and the Baltics,2003 [YR2003]2004 [YR2004]2005 [YR2005]2006 [YR2006]2007 [YR2007]2008 [YR2008]2009 [YR2009]2010 [YR2010]2011 [YR2011]2012 [YR2012]2013 [YR2013]2014 [YR2014]2015 [YR2015]2016 [YR2016]2017 [YR2017]2018 [YR2018]2019 [YR2019]2020 [YR2020]2021 [YR2021]2022 [YR2022],4411
Chad,2003 [YR2003]2004 [YR2004]2005 [YR2005]2006 [YR2006]2007 [YR2007]2008 [YR2008]2009 [YR2009]2010 [YR2010]2011 [YR2011]2012 [YR2012]2013 [YR2013]2014 [YR2014]2015 [YR2015]2016 [YR2016]2017 [YR2017]2018 [YR2018]2019 [YR2019]2020 [YR2020]2021 [YR2021]2022 [YR2022],2488
Channel Islands,2003 [YR2003]2004 [YR2004]2005 [YR2005]2006 [YR2006]2007 [YR2007]2008 [YR2008]2009 [YR2009]2010 [YR2010]2011 [YR2011]2012 [YR2012]2013 [YR2013]2014 [YR2014]2015 [YR2015]2016 [YR2016]2017 [YR2017]2018 [YR2018]2019 [YR2019]2020 [YR2020]2021 [YR2021]2022 [YR2022],11046
Chile,2003 [YR2003]2004 [YR2004]2005 [YR2005]2006 [YR2006]2007 [YR2007]2008 [YR2008]2009 [YR2009]2010 [YR2010]2011 [YR2011]2012 [YR2012]2013 [YR2013]2014 [YR2014]2015 [YR2015]2016 [YR2016]2017 [YR2017]2018 [YR2018]2019 [YR2019]2020 [YR2020]2021 [YR2021]2022 [YR2022],703
China,2003 [YR2003]2004 [YR2004]2005 [YR2005]2006 [YR2006]2007 [YR2007]2008 [YR2008]2009 [YR2009]2010 [YR2010]2011 [YR2011]2012 [YR2012]2013 [YR2013]2014 [YR2014]2015 [YR2015]2016 [YR2016]2017 [YR2017]2018 [YR2018]2019 [YR2019]2020 [YR2020]2021 [YR2021]2022 [YR2022],1425
Colombia,2003 [YR2003]2004 [YR2004]2005 [YR2005]2006 [YR2006]2007 [YR2007]2008 [YR2008]2009 [YR2009]2010 [YR2010]2011 [YR2011]2012 [YR2012]2013 [YR2013]2014 [YR2014]2015 [YR2015]2016 [YR2016]2017 [YR2017]2018 [YR2018]2019 [YR2019]2020 [YR2020]2021 [YR2021]2022 [YR2022],694
Comoros,2003 [YR2003]2004 [YR2004]2005 [YR2005]2006 [YR2006]2007 [YR2007]2008 [YR2008]2009 [YR2009]2010 [YR2010]2011 [YR2011]2012 [YR2012]2013 [YR2013]2014 [YR2014]2015 [YR2015]2016 [YR2016]2017 [YR2017]2018 [YR2018]2019 [YR2019]2020 [YR2020]2021 [YR2021]2022 [YR2022],1641
"Congo, Dem. Rep.",2003 [YR2003]2004 [YR2004]2005 [YR2005]2006 [YR2006]2007 [YR2007]2008 [YR2008]2009 [YR2009]2010 [YR2010]2011 [YR2011]2012 [YR2012]2013 [YR2013]2014 [YR2014]2015 [YR2015]2016 [YR2016]2017 [YR2017]2018 [YR2018]2019 [YR2019]2020 [YR2020]2021 [YR2021]2022 [YR2022],1373
"Congo, Rep.",2003 [YR2003]2004 [YR2004]2005 [YR2005]2006 [YR2006]2007 [YR2007]2008 [YR2008]2009 [YR2009]2010 [YR2010]2011 [YR2011]2012 [YR2012]2013 [YR2013]2014 [YR2014]2015 [YR2015]2016 [YR2016]2017 [YR2017]2018 [YR2018]2019 [YR2019]2020 [YR2020]2021 [YR2021]2022 [YR2022],1334
Costa Rica,2003 [YR2003]2004 [YR2004]2005 [YR2005]2006 [YR2006]2007 [YR2007]2008 [YR2008]2009 [YR2009]2010 [YR2010]2011 [YR2011]2012 [YR2012]2013 [YR2013]2014 [YR2014]2015 [YR2015]2016 [YR2016]2017 [YR2017]2018 [YR2018]2019 [YR2019]2020 [YR2020]2021 [YR2021]2022 [YR2022],762
Cote d'Ivoire,2003 [YR2003]2004 [YR2004]2005 [YR2005]2006 [YR2006]2007 [YR2007]2008 [YR2008]2009 [YR2009]2010 [YR2010]2011 [YR2011]2012 [YR2012]2013 [YR2013]2014 [YR2014]2015 [YR2015]2016 [YR2016]2017 [YR2017]2018 [YR2018]2019 [YR2019]2020 [YR2020]2021 [YR2021]2022 [YR2022],1370
Croatia,2003 [YR2003]2004 [YR2004]2005 [YR2005]2006 [YR2006]2007 [YR2007]2008 [YR2008]2009 [YR2009]2010 [YR2010]2011 [YR2011]2012 [YR2012]2013 [YR2013]2014 [YR2014]2015 [YR2015]2016 [YR2016]2017 [YR2017]2018 [YR2018]2019 [YR2019]2020 [YR2020]2021 [YR2021]2022 [YR2022],899
Cuba,2003 [YR2003]2004 [YR2004]2005 [YR2005]2006 [YR2006]2007 [YR2007]2008 [YR2008]2009 [YR2009]2010 [YR2010]2011 [YR2011]2012 [YR2012]2013 [YR2013]2014 [YR2014]2015 [YR2015]2016 [YR2016]2017 [YR2017]2018 [YR2018]2019 [YR2019]2020 [YR2020]2021 [YR2021]2022 [YR2022],3175
Curacao,2003 [YR2003]2004 [YR2004]2005 [YR2005]2006 [YR2006]2007 [YR2007]2008 [YR2008]2009 [YR2009]2010 [YR2010]2011 [YR2011]2012 [YR2012]2013 [YR2013]2014 [YR2014]2015 [YR2015]2016 [YR2016]2017 [YR2017]2018 [YR2018]2019 [YR2019]2020 [YR2020]2021 [YR2021]2022 [YR2022],9505
Cyprus,2003 [YR2003]2004 [YR2004]2005 [YR2005]2006 [YR2006]2007 [YR2007]2008 [YR2008]2009 [YR2009]2010 [YR2010]2011 [YR2011]2012 [YR2012]2013 [YR2013]2014 [YR2014]2015 [YR2015]2016 [YR2016]2017 [YR2017]2018 [YR2018]2019 [YR2019]2020 [YR2020]2021 [YR2021]2022 [YR2022],1104
Czechia,2003 [YR2003]2004 [YR2004]2005 [YR2005]2006 [YR2006]2007 [YR2007]2008 [YR2008]2009 [YR2009]2010 [YR2010]2011 [YR2011]2012 [YR2012]2013 [YR2013]2014 [YR2014]2015 [YR2015]2016 [YR2016]2017 [YR2017]2018 [YR2018]2019 [YR2019]2020 [YR2020]2021 [YR2021]2022 [YR2022],886
Denmark,2003 [YR2003]2004 [YR2004]2005 [YR2005]2006 [YR2006]2007 [YR2007]2008 [YR2008]2009 [YR2009]2010 [YR2010]2011 [YR2011]2012 [YR2012]2013 [YR2013]2014 [YR2014]2015 [YR2015]2016 [YR2016]2017 [YR2017]2018 [YR2018]2019 [YR2019]2020 [YR2020]2021 [YR2021]2022 [YR2022],1077
Djibouti,2003 [YR2003]2004 [YR2004]2005 [YR2005]2006 [YR2006]2007 [YR2007]2008 [YR2008]2009 [YR2009]2010 [YR2010]2011 [YR2011]2012 [YR2012]2013 [YR2013]2014 [YR2014]2015 [YR2015]2016 [YR2016]2017 [YR2017]2018 [YR2018]2019 [YR2019]2020 [YR2020]2021 [YR2021]2022 [YR2022],2560
Dominica,2003 [YR2003]2004 [YR2004]2005 [YR2005]2006 [YR2006]2007 [YR2007]2008 [YR2008]2009 [YR2009]2010 [YR2010]2011 [YR2011]2012 [YR2012]2013 [YR2013]2014 [YR2014]2015 [YR2015]2016 [YR2016]2017 [YR2017]2018 [YR2018]2019 [YR2019]2020 [YR2020]2021 [YR2021]2022 [YR2022],3569
Dominican Republic,2003 [YR2003]2004 [YR2004]2005 [YR2005]2006 [YR2006]2007 [YR2007]2008 [YR2008]2009 [YR2009]2010 [YR2010]2011 [YR2011]2012 [YR2012]2013 [YR2013]2014 [YR2014]2015 [YR2015]2016 [YR2016]2017 [YR2017]2018 [YR2018]2019 [YR2019]2020 [YR2020]2021 [YR2021]2022 [YR2022],700
Early-demographic dividend,2003 [YR2003]2004 [YR2004]2005 [YR2005]2006 [YR2006]2007 [YR2007]2008 [YR2008]2009 [YR2009]2010 [YR2010]2011 [YR2011]2012 [YR2012]2013 [YR2013]2014 [YR2014]2015 [YR2015]2016 [YR2016]2017 [YR2017]2018 [YR2018]2019 [YR2019]2020 [YR2020]2021 [YR2021]2022 [YR2022],4162
East Asia & Pacific,2003 [YR2003]2004 [YR2004]2005 [YR2005]2006 [YR2006]2007 [YR2007]2008 [YR2008]2009 [YR2009]2010 [YR2010]2011 [YR2011]2012 [YR2012]2013 [YR2013]2014 [YR2014]2015 [YR2015]2016 [YR2016]2017 [YR2017]2018 [YR2018]2019 [YR2019]2020 [YR2020]2021 [YR2021]2022 [YR2022],4374
East Asia & Pacific (IDA & IBRD countries),2003 [YR2003]2004 [YR2004]2005 [YR2005]2006 [YR2006]2007 [YR2007]2008 [YR2008]2009 [YR2009]2010 [YR2010]2011 [YR2011]2012 [YR2012]2013 [YR2013]2014 [YR2014]2015 [YR2015]2016 [YR2016]2017 [YR2017]2018 [YR2018]2019 [YR2019]2020 [YR2020]2021 [YR2021]2022 [YR2022],4482
East Asia & Pacific (excluding high income),2003 [YR2003]2004 [YR2004]2005 [YR2005]2006 [YR2006]2007 [YR2007]2008 [YR2008]2009 [YR2009]2010 [YR2010]2011 [YR2011]2012 [YR2012]2013 [YR2013]2014 [YR2014]2015 [YR2015]2016 [YR2016]2017 [YR2017]2018 [YR2018]2019 [YR2019]2020 [YR2020]2021 [YR2021]2022 [YR2022],4404
Ecuador,2003 [YR2003]2004 [YR2004]2005 [YR2005]2006 [YR2006]2007 [YR2007]2008 [YR2008]2009 [YR2009]2010 [YR2010]2011 [YR2011]2012 [YR2012]2013 [YR2013]2014 [YR2014]2015 [YR2015]2016 [YR2016]2017 [YR2017]2018 [YR2018]2019 [YR2019]2020 [YR2020]2021 [YR2021]2022 [YR2022],655
"Egypt, Arab Rep.",2003 [YR2003]2004 [YR2004]2005 [YR2005]2006 [YR2006]2007 [YR2007]2008 [YR2008]2009 [YR2009]2010 [YR2010]2011 [YR2011]2012 [YR2012]2013 [YR2013]2014 [YR2014]2015 [YR2015]2016 [YR2016]2017 [YR2017]2018 [YR2018]2019 [YR2019]2020 [YR2020]2021 [YR2021]2022 [YR2022],726
El Salvador,2003 [YR2003]2004 [YR2004]2005 [YR2005]2006 [YR2006]2007 [YR2007]2008 [YR2008]2009 [YR2009]2010 [YR2010]2011 [YR2011]2012 [YR2012]2013 [YR2013]2014 [YR2014]2015 [YR2015]2016 [YR2016]2017 [YR2017]2018 [YR2018]2019 [YR2019]2020 [YR2020]2021 [YR2021]2022 [YR2022],704
Equatorial Guinea,2003 [YR2003]2004 [YR2004]2005 [YR2005]2006 [YR2006]2007 [YR2007]2008 [YR2008]2009 [YR2009]2010 [YR2010]2011 [YR2011]2012 [YR2012]2013 [YR2013]2014 [YR2014]2015 [YR2015]2016 [YR2016]2017 [YR2017]2018 [YR2018]2019 [YR2019]2020 [YR2020]2021 [YR2021]2022 [YR2022],3142
Eritrea,2003 [YR2003]2004 [YR2004]2005 [YR2005]2006 [YR2006]2007 [YR2007]2008 [YR2008]2009 [YR2009]2010 [YR2010]2011 [YR2011]2012 [YR2012]2013 [YR2013]2014 [YR2014]2015 [YR2015]2016 [YR2016]2017 [YR2017]2018 [YR2018]2019 [YR2019]2020 [YR2020]2021 [YR2021]2022 [YR2022],4645
Estonia,2003 [YR2003]2004 [YR2004]2005 [YR2005]2006 [YR2006]2007 [YR2007]2008 [YR2008]2009 [YR2009]2010 [YR2010]2011 [YR2011]2012 [YR2012]2013 [YR2013]2014 [YR2014]2015 [YR2015]2016 [YR2016]2017 [YR2017]2018 [YR2018]2019 [YR2019]2020 [YR2020]2021 [YR2021]2022 [YR2022],1158
Eswatini,2003 [YR2003]2004 [YR2004]2005 [YR2005]2006 [YR2006]2007 [YR2007]2008 [YR2008]2009 [YR2009]2010 [YR2010]2011 [YR2011]2012 [YR2012]2013 [YR2013]2014 [YR2014]2015 [YR2015]2016 [YR2016]2017 [YR2017]2018 [YR2018]2019 [YR2019]2020 [YR2020]2021 [YR2021]2022 [YR2022],982
Ethiopia,2003 [YR2003]2004 [YR2004]2005 [YR2005]2006 [YR2006]2007 [YR2007]2008 [YR2008]2009 [YR2009]2010 [YR2010]2011 [YR2011]2012 [YR2012]2013 [YR2013]2014 [YR2014]2015 [YR2015]2016 [YR2016]2017 [YR2017]2018 [YR2018]2019 [YR2019]2020 [YR2020]2021 [YR2021]2022 [YR2022],1429
Euro area,2003 [YR2003]2004 [YR2004]2005 [YR2005]2006 [YR2006]2007 [YR2007]2008 [YR2008]2009 [YR2009]2010 [YR2010]2011 [YR2011]2012 [YR2012]2013 [YR2013]2014 [YR2014]2015 [YR2015]2016 [YR2016]2017 [YR2017]2018 [YR2018]2019 [YR2019]2020 [YR2020]2021 [YR2021]2022 [YR2022],4350
Europe & Central Asia,2003 [YR2003]2004 [YR2004]2005 [YR2005]2006 [YR2006]2007 [YR2007]2008 [YR2008]2009 [YR2009]2010 [YR2010]2011 [YR2011]2012 [YR2012]2013 [YR2013]2014 [YR2014]2015 [YR2015]2016 [YR2016]2017 [YR2017]2018 [YR2018]2019 [YR2019]2020 [YR2020]2021 [YR2021]2022 [YR2022],4181
Europe & Central Asia (IDA & IBRD countries),2003 [YR2003]2004 [YR2004]2005 [YR2005]2006 [YR2006]2007 [YR2007]2008 [YR2008]2009 [YR2009]2010 [YR2010]2011 [YR2011]2012 [YR2012]2013 [YR2013]2014 [YR2014]2015 [YR2015]2016 [YR2016]2017 [YR2017]2018 [YR2018]2019 [YR2019]2020 [YR2020]2021 [YR2021]2022 [YR2022],4313
Europe & Central Asia (excluding high income),2003 [YR2003]2004 [YR2004]2005 [YR2005]2006 [YR2006]2007 [YR2007]2008 [YR2008]2009 [YR2009]2010 [YR2010]2011 [YR2011]2012 [YR2012]2013 [YR2013]2014 [YR2014]2015 [YR2015]2016 [YR2016]2017 [YR2017]2018 [YR2018]2019 [YR2019]2020 [YR2020]2021 [YR2021]2022 [YR2022],4345
European Union,2003 [YR2003]2004 [YR2004]2005 [YR2005]2006 [YR2006]2007 [YR2007]2008 [YR2008]2009 [YR2009]2010 [YR2010]2011 [YR2011]2012 [YR2012]2013 [YR2013]2014 [YR2014]2015 [YR2015]2016 [YR2016]2017 [YR2017]2018 [YR2018]2019 [YR2019]2020 [YR2020]2021 [YR2021]2022 [YR2022],4457
Faroe Islands,2003 [YR2003]2004 [YR2004]2005 [YR2005]2006 [YR2006]2007 [YR2007]2008 [YR2008]2009 [YR2009]2010 [YR2010]2011 [YR2011]2012 [YR2012]2013 [YR2013]2014 [YR2014]2015 [YR2015]2016 [YR2016]2017 [YR2017]2018 [YR2018]2019 [YR2019]2020 [YR2020]2021 [YR2021]2022 [YR2022],9403
Fiji,2003 [YR2003]2004 [YR2004]2005 [YR2005]2006 [YR2006]2007 [YR2007]2008 [YR2008]2009 [YR2009]2010 [YR2010]2011 [YR2011]2012 [YR2012]2013 [YR2013]2014 [YR2014]2015 [YR2015]2016 [YR2016]2017 [YR2017]2018 [YR2018]2019 [YR2019]2020 [YR2020]2021 [YR2021]2022 [YR2022],1305
Finland,2003 [YR2003]2004 [YR2004]2005 [YR2005]2006 [YR2006]2007 [YR2007]2008 [YR2008]2009 [YR2009]2010 [YR2010]2011 [YR2011]2012 [YR2012]2013 [YR2013]2014 [YR2014]2015 [YR2015]2016 [YR2016]2017 [YR2017]2018 [YR2018]2019 [YR2019]2020 [YR2020]2021 [YR2021]2022 [YR2022],1067
Fragile and conflict affected situations,2003 [YR2003]2004 [YR2004]2005 [YR2005]2006 [YR2006]2007 [YR2007]2008 [YR2008]2009 [YR2009]2010 [YR2010]2011 [YR2011]2012 [YR2012]2013 [YR2013]2014 [YR2014]2015 [YR2015]2016 [YR2016]2017 [YR2017]2018 [YR2018]2019 [YR2019]2020 [YR2020]2021 [YR2021]2022 [YR2022],5553
France,2003 [YR2003]2004 [YR2004]2005 [YR2005]2006 [YR2006]2007 [YR2007]2008 [YR2008]2009 [YR2009]2010 [YR2010]2011 [YR2011]2012 [YR2012]2013 [YR2013]2014 [YR2014]2015 [YR2015]2016 [YR2016]2017 [YR2017]2018 [YR2018]2019 [YR2019]2020 [YR2020]2021 [YR2021]2022 [YR2022],1124
French Polynesia,2003 [YR2003]2004 [YR2004]2005 [YR2005]2006 [YR2006]2007 [YR2007]2008 [YR2008]2009 [YR2009]2010 [YR2010]2011 [YR2011]2012 [YR2012]2013 [YR2013]2014 [YR2014]2015 [YR2015]2016 [YR2016]2017 [YR2017]2018 [YR2018]2019 [YR2019]2020 [YR2020]2021 [YR2021]2022 [YR2022],7817
Gabon,2003 [YR2003]2004 [YR2004]2005 [YR2005]2006 [YR2006]2007 [YR2007]2008 [YR2008]2009 [YR2009]2010 [YR2010]2011 [YR2011]2012 [YR2012]2013 [YR2013]2014 [YR2014]2015 [YR2015]2016 [YR2016]2017 [YR2017]2018 [YR2018]2019 [YR2019]2020 [YR2020]2021 [YR2021]2022 [YR2022],1723
"Gambia, The",2003 [YR2003]2004 [YR2004]2005 [YR2005]2006 [YR2006]2007 [YR2007]2008 [YR2008]2009 [YR2009]2010 [YR2010]2011 [YR2011]2012 [YR2012]2013 [YR2013]2014 [YR2014]2015 [YR2015]2016 [YR2016]2017 [YR2017]2018 [YR2018]2019 [YR2019]2020 [YR2020]2021 [YR2021]2022 [YR2022],948
Georgia,2003 [YR2003]2004 [YR2004]2005 [YR2005]2006 [YR2006]2007 [YR2007]2008 [YR2008]2009 [YR2009]2010 [YR2010]2011 [YR2011]2012 [YR2012]2013 [YR2013]2014 [YR2014]2015 [YR2015]2016 [YR2016]2017 [YR2017]2018 [YR2018]2019 [YR2019]2020 [YR2020]2021 [YR2021]2022 [YR2022],841
Germany,2003 [YR2003]2004 [YR2004]2005 [YR2005]2006 [YR2006]2007 [YR2007]2008 [YR2008]2009 [YR2009]2010 [YR2010]2011 [YR2011]2012 [YR2012]2013 [YR2013]2014 [YR2014]2015 [YR2015]2016 [YR2016]2017 [YR2017]2018 [YR2018]2019 [YR2019]2020 [YR2020]2021 [YR2021]2022 [YR2022],1093
Ghana,2003 [YR2003]2004 [YR2004]2005 [YR2005]2006 [YR2006]2007 [YR2007]2008 [YR2008]2009 [YR2009]2010 [YR2010]2011 [YR2011]2012 [YR2012]2013 [YR2013]2014 [YR2014]2015 [YR2015]2016 [YR2016]2017 [YR2017]2018 [YR2018]2019 [YR2019]2020 [YR2020]2021 [YR2021]2022 [YR2022],949
Gibraltar,2003 [YR2003]2004 [YR2004]2005 [YR2005]2006 [YR2006]2007 [YR2007]2008 [YR2008]2009 [YR2009]2010 [YR2010]2011 [YR2011]2012 [YR2012]2013 [YR2013]2014 [YR2014]2015 [YR2015]2016 [YR2016]2017 [YR2017]2018 [YR2018]2019 [YR2019]2020 [YR2020]2021 [YR2021]2022 [YR2022],11325
Greece,2003 [YR2003]2004 [YR2004]2005 [YR2005]2006 [YR2006]2007 [YR2007]2008 [YR2008]2009 [YR2009]2010 [YR2010]2011 [YR2011]2012 [YR2012]2013 [YR2013]2014 [YR2014]2015 [YR2015]2016 [YR2016]2017 [YR2017]2018 [YR2018]2019 [YR2019]2020 [YR2020]2021 [YR2021]2022 [YR2022],1130
Greenland,2003 [YR2003]2004 [YR2004]2005 [YR2005]2006 [YR2006]2007 [YR2007]2008 [YR2008]2009 [YR2009]2010 [YR2010]2011 [YR2011]2012 [YR2012]2013 [YR2013]2014 [YR2014]2015 [YR2015]2016 [YR2016]2017 [YR2017]2018 [YR2018]2019 [YR2019]2020 [YR2020]2021 [YR2021]2022 [YR2022],8786
Grenada,2003 [YR2003]2004 [YR2004]2005 [YR2005]2006 [YR2006]2007 [YR2007]2008 [YR2008]2009 [YR2009]2010 [YR2010]2011 [YR2011]2012 [YR2012]2013 [YR2013]2014 [YR2014]2015 [YR2015]2016 [YR2016]2017 [YR2017]2018 [YR2018]2019 [YR2019]2020 [YR2020]2021 [YR2021]2022 [YR2022],3896
Guam,2003 [YR2003]2004 [YR2004]2005 [YR2005]2006 [YR2006]2007 [YR2007]2008 [YR2008]2009 [YR2009]2010 [YR2010]2011 [YR2011]2012 [YR2012]2013 [YR2013]2014 [YR2014]2015 [YR2015]2016 [YR2016]2017 [YR2017]2018 [YR2018]2019 [YR2019]2020 [YR2020]2021 [YR2021]2022 [YR2022],8956
Guatemala,2003 [YR2003]2004 [YR2004]2005 [YR2005]2006 [YR2006]2007 [YR2007]2008 [YR2008]2009 [YR2009]2010 [YR2010]2011 [YR2011]2012 [YR2012]2013 [YR2013]2014 [YR2014]2015 [YR2015]2016 [YR2016]2017 [YR2017]2018 [YR2018]2019 [YR2019]2020 [YR2020]2021 [YR2021]2022 [YR2022],715
Guinea,2003 [YR2003]2004 [YR2004]2005 [YR2005]2006 [YR2006]2007 [YR2007]2008 [YR2008]2009 [YR2009]2010 [YR2010]2011 [YR2011]2012 [YR2012]2013 [YR2013]2014 [YR2014]2015 [YR2015]2016 [YR2016]2017 [YR2017]2018 [YR2018]2019 [YR2019]2020 [YR2020]2021 [YR2021]2022 [YR2022],1113
Guinea-Bissau,2003 [YR2003]2004 [YR2004]2005 [YR2005]2006 [YR2006]2007 [YR2007]2008 [YR2008]2009 [YR2009]2010 [YR2010]2011 [YR2011]2012 [YR2012]2013 [YR2013]2014 [YR2014]2015 [YR2015]2016 [YR2016]2017 [YR2017]2018 [YR2018]2019 [YR2019]2020 [YR2020]2021 [YR2021]2022 [YR2022],1827
Guyana,2003 [YR2003]2004 [YR2004]2005 [YR2005]2006 [YR2006]2007 [YR2007]2008 [YR2008]2009 [YR2009]2010 [YR2010]2011 [YR2011]2012 [YR2012]2013 [YR2013]2014 [YR2014]2015 [YR2015]2016 [YR2016]2017 [YR2017]2018 [YR2018]2019 [YR2019]2020 [YR2020]2021 [YR2021]2022 [YR2022],2159
Haiti,2003 [YR2003]2004 [YR2004]2005 [YR2005]2006 [YR2006]2007 [YR2007]2008 [YR2008]2009 [YR2009]2010 [YR2010]2011 [YR2011]2012 [YR2012]2013 [YR2013]2014 [YR2014]2015 [YR2015]2016 [YR2016]2017 [YR2017]2018 [YR2018]2019 [YR2019]2020 [YR2020]2021 [YR2021]2022 [YR2022],1673
Heavily indebted poor countries (HIPC),2003 [YR2003]2004 [YR2004]2005 [YR2005]2006 [YR2006]2007 [YR2007]2008 [YR2008]2009 [YR2009]2010 [YR2010]2011 [YR2011]2012 [YR2012]2013 [YR2013]2014 [YR2014]2015 [YR2015]2016 [YR2016]2017 [YR2017]2018 [YR2018]2019 [YR2019]2020 [YR2020]2021 [YR2021]2022 [YR2022],4322
High income,2003 [YR2003]2004 [YR2004]2005 [YR2005]2006 [YR2006]2007 [YR2007]2008 [YR2008]2009 [YR2009]2010 [YR2010]2011 [YR2011]2012 [YR2012]2013 [YR2013]2014 [YR2014]2015 [YR2015]2016 [YR2016]2017 [YR2017]2018 [YR2018]2019 [YR2019]2020 [YR2020]2021 [YR2021]2022 [YR2022],4247
Honduras,2003 [YR2003]2004 [YR2004]2005 [YR2005]2006 [YR2006]2007 [YR2007]2008 [YR2008]2009 [YR2009]2010 [YR2010]2011 [YR2011]2012 [YR2012]2013 [YR2013]2014 [YR2014]2015 [YR2015]2016 [YR2016]2017 [YR2017]2018 [YR2018]2019 [YR2019]2020 [YR2020]2021 [YR2021]2022 [YR2022],854
"Hong Kong SAR, China",2003 [YR2003]2004 [YR2004]2005 [YR2005]2006 [YR2006]2007 [YR2007]2008 [YR2008]2009 [YR2009]2010 [YR2010]2011 [YR2011]2012 [YR2012]2013 [YR2013]2014 [YR2014]2015 [YR2015]2016 [YR2016]2017 [YR2017]2018 [YR2018]2019 [YR2019]2020 [YR2020]2021 [YR2021]2022 [YR2022],3795
Hungary,2003 [YR2003]2004 [YR2004]2005 [YR2005]2006 [YR2006]2007 [YR2007]2008 [YR2008]2009 [YR2009]2010 [YR2010]2011 [YR2011]2012 [YR2012]2013 [YR2013]2014 [YR2014]2015 [YR2015]2016 [YR2016]2017 [YR2017]2018 [YR2018]2019 [YR2019]2020 [YR2020]2021 [YR2021]2022 [YR2022],972
IBRD only,2003 [YR2003]2004 [YR2004]2005 [YR2005]2006 [YR2006]2007 [YR2007]2008 [YR2008]2009 [YR2009]2010 [YR2010]2011 [YR2011]2012 [YR2012]2013 [YR2013]2014 [YR2014]2015 [YR2015]2016 [YR2016]2017 [YR2017]2018 [YR2018]2019 [YR2019]2020 [YR2020]2021 [YR2021]2022 [YR2022],9175
IDA & IBRD total,2003 [YR2003]2004 [YR2004]2005 [YR2005]2006 [YR2006]2007 [YR2007]2008 [YR2008]2009 [YR2009]2010 [YR2010]2011 [YR2011]2012 [YR2012]2013 [YR2013]2014 [YR2014]2015 [YR2015]2016 [YR2016]2017 [YR2017]2018 [YR2018]2019 [YR2019]2020 [YR2020]2021 [YR2021]2022 [YR2022],4405
IDA blend,2003 [YR2003]2004 [YR2004]2005 [YR2005]2006 [YR2006]2007 [YR2007]2008 [YR2008]2009 [YR2009]2010 [YR2010]2011 [YR2011]2012 [YR2012]2013 [YR2013]2014 [YR2014]2015 [YR2015]2016 [YR2016]2017 [YR2017]2018 [YR2018]2019 [YR2019]2020 [YR2020]2021 [YR2021]2022 [YR2022],9849
IDA only,2003 [YR2003]2004 [YR2004]2005 [YR2005]2006 [YR2006]2007 [YR2007]2008 [YR2008]2009 [YR2009]2010 [YR2010]2011 [YR2011]2012 [YR2012]2013 [YR2013]2014 [YR2014]2015 [YR2015]2016 [YR2016]2017 [YR2017]2018 [YR2018]2019 [YR2019]2020 [YR2020]2021 [YR2021]2022 [YR2022],9100
IDA total,2003 [YR2003]2004 [YR2004]2005 [YR2005]2006 [YR2006]2007 [YR2007]2008 [YR2008]2009 [YR2009]2010 [YR2010]2011 [YR2011]2012 [YR2012]2013 [YR2013]2014 [YR2014]2015 [YR2015]2016 [YR2016]2017 [YR2017]2018 [YR2018]2019 [YR2019]2020 [YR2020]2021 [YR2021]2022 [YR2022],9290
Iceland,2003 [YR2003]2004 [YR2004]2005 [YR2005]2006 [YR2006]2007 [YR2007]2008 [YR2008]2009 [YR2009]2010 [YR2010]2011 [YR2011]2012 [YR2012]2013 [YR2013]2014 [YR2014]2015 [YR2015]2016 [YR2016]2017 [YR2017]2018 [YR2018]2019 [YR2019]2020 [YR2020]2021 [YR2021]2022 [YR2022],1528
India,2003 [YR2003]2004 [YR2004]2005 [YR2005]2006 [YR2006]2007 [YR2007]2008 [YR2008]2009 [YR2009]2010 [YR2010]2011 [YR2011]2012 [YR2012]2013 [YR2013]2014 [YR2014]2015 [YR2015]2016 [YR2016]2017 [YR2017]2018 [YR2018]2019 [YR2019]2020 [YR2020]2021 [YR2021]2022 [YR2022],1075
Indonesia,2003 [YR2003]2004 [YR2004]2005 [YR2005]2006 [YR2006]2007 [YR2007]2008 [YR2008]2009 [YR2009]2010 [YR2010]2011 [YR2011]2012 [YR2012]2013 [YR2013]2014 [YR2014]2015 [YR2015]2016 [YR2016]2017 [YR2017]2018 [YR2018]2019 [YR2019]2020 [YR2020]2021 [YR2021]2022 [YR2022],963
"Iran, Islamic Rep.",2003 [YR2003]2004 [YR2004]2005 [YR2005]2006 [YR2006]2007 [YR2007]2008 [YR2008]2009 [YR2009]2010 [YR2010]2011 [YR2011]2012 [YR2012]2013 [YR2013]2014 [YR2014]2015 [YR2015]2016 [YR2016]2017 [YR2017]2018 [YR2018]2019 [YR2019]2020 [YR2020]2021 [YR2021]2022 [YR2022],2109
Iraq,2003 [YR2003]2004 [YR2004]2005 [YR2005]2006 [YR2006]2007 [YR2007]2008 [YR2008]2009 [YR2009]2010 [YR2010]2011 [YR2011]2012 [YR2012]2013 [YR2013]2014 [YR2014]2015 [YR2015]2016 [YR2016]2017 [YR2017]2018 [YR2018]2019 [YR2019]2020 [YR2020]2021 [YR2021]2022 [YR2022],1696
Ireland,2003 [YR2003]2004 [YR2004]2005 [YR2005]2006 [YR2006]2007 [YR2007]2008 [YR2008]2009 [YR2009]2010 [YR2010]2011 [YR2011]2012 [YR2012]2013 [YR2013]2014 [YR2014]2015 [YR2015]2016 [YR2016]2017 [YR2017]2018 [YR2018]2019 [YR2019]2020 [YR2020]2021 [YR2021]2022 [YR2022],1432
Isle of Man,2003 [YR2003]2004 [YR2004]2005 [YR2005]2006 [YR2006]2007 [YR2007]2008 [YR2008]2009 [YR2009]2010 [YR2010]2011 [YR2011]2012 [YR2012]2013 [YR2013]2014 [YR2014]2015 [YR2015]2016 [YR2016]2017 [YR2017]2018 [YR2018]2019 [YR2019]2020 [YR2020]2021 [YR2021]2022 [YR2022],11417
Israel,2003 [YR2003]2004 [YR2004]2005 [YR2005]2006 [YR2006]2007 [YR2007]2008 [YR2008]2009 [YR2009]2010 [YR2010]2011 [YR2011]2012 [YR2012]2013 [YR2013]2014 [YR2014]2015 [YR2015]2016 [YR2016]2017 [YR2017]2018 [YR2018]2019 [YR2019]2020 [YR2020]2021 [YR2021]2022 [YR2022],994
Italy,2003 [YR2003]2004 [YR2004]2005 [YR2005]2006 [YR2006]2007 [YR2007]2008 [YR2008]2009 [YR2009]2010 [YR2010]2011 [YR2011]2012 [YR2012]2013 [YR2013]2014 [YR2014]2015 [YR2015]2016 [YR2016]2017 [YR2017]2018 [YR2018]2019 [YR2019]2020 [YR2020]2021 [YR2021]2022 [YR2022],1142
Jamaica,2003 [YR2003]2004 [YR2004]2005 [YR2005]2006 [YR2006]2007 [YR2007]2008 [YR2008]2009 [YR2009]2010 [YR2010]2011 [YR2011]2012 [YR2012]2013 [YR2013]2014 [YR2014]2015 [YR2015]2016 [YR2016]2017 [YR2017]2018 [YR2018]2019 [YR2019]2020 [YR2020]2021 [YR2021]2022 [YR2022],1089
Japan,2003 [YR2003]2004 [YR2004]2005 [YR2005]2006 [YR2006]2007 [YR2007]2008 [YR2008]2009 [YR2009]2010 [YR2010]2011 [YR2011]2012 [YR2012]2013 [YR2013]2014 [YR2014]2015 [YR2015]2016 [YR2016]2017 [YR2017]2018 [YR2018]2019 [YR2019]2020 [YR2020]2021 [YR2021]2022 [YR2022],1652
Jordan,2003 [YR2003]2004 [YR2004]2005 [YR2005]2006 [YR2006]2007 [YR2007]2008 [YR2008]2009 [YR2009]2010 [YR2010]2011 [YR2011]2012 [YR2012]2013 [YR2013]2014 [YR2014]2015 [YR2015]2016 [YR2016]2017 [YR2017]2018 [YR2018]2019 [YR2019]2020 [YR2020]2021 [YR2021]2022 [YR2022],1403
Kazakhstan,2003 [YR2003]2004 [YR2004]2005 [YR2005]2006 [YR2006]2007 [YR2007]2008 [YR2008]2009 [YR2009]2010 [YR2010]2011 [YR2011]2012 [YR2012]2013 [YR2013]2014 [YR2014]2015 [YR2015]2016 [YR2016]2017 [YR2017]2018 [YR2018]2019 [YR2019]2020 [YR2020]2021 [YR2021]2022 [YR2022],706
Kenya,2003 [YR2003]2004 [YR2004]2005 [YR2005]2006 [YR2006]2007 [YR2007]2008 [YR2008]2009 [YR2009]2010 [YR2010]2011 [YR2011]2012 [YR2012]2013 [YR2013]2014 [YR2014]2015 [YR2015]2016 [YR2016]2017 [YR2017]2018 [YR2018]2019 [YR2019]2020 [YR2020]2021 [YR2021]2022 [YR2022],956
Kiribati,2003 [YR2003]2004 [YR2004]2005 [YR2005]2006 [YR2006]2007 [YR2007]2008 [YR2008]2009 [YR2009]2010 [YR2010]2011 [YR2011]2012 [YR2012]2013 [YR2013]2014 [YR2014]2015 [YR2015]2016 [YR2016]2017 [YR2017]2018 [YR2018]2019 [YR2019]2020 [YR2020]2021 [YR2021]2022 [YR2022],3513
"Korea, Dem. People's Rep.",2003 [YR2003]2004 [YR2004]2005 [YR2005]2006 [YR2006]2007 [YR2007]2008 [YR2008]2009 [YR2009]2010 [YR2010]2011 [YR2011]2012 [YR2012]2013 [YR2013]2014 [YR2014]2015 [YR2015]2016 [YR2016]2017 [YR2017]2018 [YR2018]2019 [YR2019]2020 [YR2020]2021 [YR2021]2022 [YR2022],6905
"Korea, Rep.",2003 [YR2003]2004 [YR2004]2005 [YR2005]2006 [YR2006]2007 [YR2007]2008 [YR2008]2009 [YR2009]2010 [YR2010]2011 [YR2011]2012 [YR2012]2013 [YR2013]2014 [YR2014]2015 [YR2015]2016 [YR2016]2017 [YR2017]2018 [YR2018]2019 [YR2019]2020 [YR2020]2021 [YR2021]2022 [YR2022],1115
Kosovo,2003 [YR2003]2004 [YR2004]2005 [YR2005]2006 [YR2006]2007 [YR2007]2008 [YR2008]2009 [YR2009]2010 [YR2010]2011 [YR2011]2012 [YR2012]2013 [YR2013]2014 [YR2014]2015 [YR2015]2016 [YR2016]2017 [YR2017]2018 [YR2018]2019 [YR2019]2020 [YR2020]2021 [YR2021]2022 [YR2022],6988
Kuwait,2003 [YR2003]2004 [YR2004]2005 [YR2005]2006 [YR2006]2007 [YR2007]2008 [YR2008]2009 [YR2009]2010 [YR2010]2011 [YR2011]2012 [YR2012]2013 [YR2013]2014 [YR2014]2015 [YR2015]2016 [YR2016]2017 [YR2017]2018 [YR2018]2019 [YR2019]2020 [YR2020]2021 [YR2021]2022 [YR2022],1884
Kyrgyz Republic,2003 [YR2003]2004 [YR2004]2005 [YR2005]2006 [YR2006]2007 [YR2007]2008 [YR2008]2009 [YR2009]2010 [YR2010]2011 [YR2011]2012 [YR2012]2013 [YR2013]2014 [YR2014]2015 [YR2015]2016 [YR2016]2017 [YR2017]2018 [YR2018]2019 [YR2019]2020 [YR2020]2021 [YR2021]2022 [YR2022],1208
Lao PDR,2003 [YR2003]2004 [YR2004]2005 [YR2005]2006 [YR2006]2007 [YR2007]2008 [YR2008]2009 [YR2009]2010 [YR2010]2011 [YR2011]2012 [YR2012]2013 [YR2013]2014 [YR2014]2015 [YR2015]2016 [YR2016]2017 [YR2017]2018 [YR2018]2019 [YR2019]2020 [YR2020]2021 [YR2021]2022 [YR2022],1376
Late-demographic dividend,2003 [YR2003]2004 [YR2004]2005 [YR2005]2006 [YR2006]2007 [YR2007]2008 [YR2008]2009 [YR2009]2010 [YR2010]2011 [YR2011]2012 [YR2012]2013 [YR2013]2014 [YR2014]2015 [YR2015]2016 [YR2016]2017 [YR2017]2018 [YR2018]2019 [YR2019]2020 [YR2020]2021 [YR2021]2022 [YR2022],4471
Latin America & Caribbean,2003 [YR2003]2004 [YR2004]2005 [YR2005]2006 [YR2006]2007 [YR2007]2008 [YR2008]2009 [YR2009]2010 [YR2010]2011 [YR2011]2012 [YR2012]2013 [YR2013]2014 [YR2014]2015 [YR2015]2016 [YR2016]2017 [YR2017]2018 [YR2018]2019 [YR2019]2020 [YR2020]2021 [YR2021]2022 [YR2022],4063
Latin America & Caribbean (excluding high income),2003 [YR2003]2004 [YR2004]2005 [YR2005]2006 [YR2006]2007 [YR2007]2008 [YR2008]2009 [YR2009]2010 [YR2010]2011 [YR2011]2012 [YR2012]2013 [YR2013]2014 [YR2014]2015 [YR2015]2016 [YR2016]2017 [YR2017]2018 [YR2018]2019 [YR2019]2020 [YR2020]2021 [YR2021]2022 [YR2022],4079
Latin America & the Caribbean (IDA & IBRD countries),2003 [YR2003]2004 [YR2004]2005 [YR2005]2006 [YR2006]2007 [YR2007]2008 [YR2008]2009 [YR2009]2010 [YR2010]2011 [YR2011]2012 [YR2012]2013 [YR2013]2014 [YR2014]2015 [YR2015]2016 [YR2016]2017 [YR2017]2018 [YR2018]2019 [YR2019]2020 [YR2020]2021 [YR2021]2022 [YR2022],4162
Latvia,2003 [YR2003]2004 [YR2004]2005 [YR2005]2006 [YR2006]2007 [YR2007]2008 [YR2008]2009 [YR2009]2010 [YR2010]2011 [YR2011]2012 [YR2012]2013 [YR2013]2014 [YR2014]2015 [YR2015]2016 [YR2016]2017 [YR2017]2018 [YR2018]2019 [YR2019]2020 [YR2020]2021 [YR2021]2022 [YR2022],1140
Least developed countries: UN classification,2003 [YR2003]2004 [YR2004]2005 [YR2005]2006 [YR2006]2007 [YR2007]2008 [YR2008]2009 [YR2009]2010 [YR2010]2011 [YR2011]2012 [YR2012]2013 [YR2013]2014 [YR2014]2015 [YR2015]2016 [YR2016]2017 [YR2017]2018 [YR2018]2019 [YR2019]2020 [YR2020]2021 [YR2021]2022 [YR2022],4368
Lebanon,2003 [YR2003]2004 [YR2004]2005 [YR2005]2006 [YR2006]2007 [YR2007]2008 [YR2008]2009 [YR2009]2010 [YR2010]2011 [YR2011]2012 [YR2012]2013 [YR2013]2014 [YR2014]2015 [YR2015]2016 [YR2016]2017 [YR2017]2018 [YR2018]2019 [YR2019]2020 [YR2020]2021 [YR2021]2022 [YR2022],1362
Lesotho,2003 [YR2003]2004 [YR2004]2005 [YR2005]2006 [YR2006]2007 [YR2007]2008 [YR2008]2009 [YR2009]2010 [YR2010]2011 [YR2011]2012 [YR2012]2013 [YR2013]2014 [YR2014]2015 [YR2015]2016 [YR2016]2017 [YR2017]2018 [YR2018]2019 [YR2019]2020 [YR2020]2021 [YR2021]2022 [YR2022],1146
Liberia,2003 [YR2003]2004 [YR2004]2005 [YR2005]2006 [YR2006]2007 [YR2007]2008 [YR2008]2009 [YR2009]2010 [YR2010]2011 [YR2011]2012 [YR2012]2013 [YR2013]2014 [YR2014]2015 [YR2015]2016 [YR2016]2017 [YR2017]2018 [YR2018]2019 [YR2019]2020 [YR2020]2021 [YR2021]2022 [YR2022],3149
Libya,2003 [YR2003]2004 [YR2004]2005 [YR2005]2006 [YR2006]2007 [YR2007]2008 [YR2008]2009 [YR2009]2010 [YR2010]2011 [YR2011]2012 [YR2012]2013 [YR2013]2014 [YR2014]2015 [YR2015]2016 [YR2016]2017 [YR2017]2018 [YR2018]2019 [YR2019]2020 [YR2020]2021 [YR2021]2022 [YR2022],2726
Liechtenstein,2003 [YR2003]2004 [YR2004]2005 [YR2005]2006 [YR2006]2007 [YR2007]2008 [YR2008]2009 [YR2009]2010 [YR2010]2011 [YR2011]2012 [YR2012]2013 [YR2013]2014 [YR2014]2015 [YR2015]2016 [YR2016]2017 [YR2017]2018 [YR2018]2019 [YR2019]2020 [YR2020]2021 [YR2021]2022 [YR2022],9875
Lithuania,2003 [YR2003]2004 [YR2004]2005 [YR2005]2006 [YR2006]2007 [YR2007]2008 [YR2008]2009 [YR2009]2010 [YR2010]2011 [YR2011]2012 [YR2012]2013 [YR2013]2014 [YR2014]2015 [YR2015]2016 [YR2016]2017 [YR2017]2018 [YR2018]2019 [YR2019]2020 [YR2020]2021 [YR2021]2022 [YR2022],1001
Low & middle income,2003 [YR2003]2004 [YR2004]2005 [YR2005]2006 [YR2006]2007 [YR2007]2008 [YR2008]2009 [YR2009]2010 [YR2010]2011 [YR2011]2012 [YR2012]2013 [YR2013]2014 [YR2014]2015 [YR2015]2016 [YR2016]2017 [YR2017]2018 [YR2018]2019 [YR2019]2020 [YR2020]2021 [YR2021]2022 [YR2022],4361
Low income,2003 [YR2003]2004 [YR2004]2005 [YR2005]2006 [YR2006]2007 [YR2007]2008 [YR2008]2009 [YR2009]2010 [YR2010]2011 [YR2011]2012 [YR2012]2013 [YR2013]2014 [YR2014]2015 [YR2015]2016 [YR2016]2017 [YR2017]2018 [YR2018]2019 [YR2019]2020 [YR2020]2021 [YR2021]2022 [YR2022],4639
Lower middle income,2003 [YR2003]2004 [YR2004]2005 [YR2005]2006 [YR2006]2007 [YR2007]2008 [YR2008]2009 [YR2009]2010 [YR2010]2011 [YR2011]2012 [YR2012]2013 [YR2013]2014 [YR2014]2015 [YR2015]2016 [YR2016]2017 [YR2017]2018 [YR2018]2019 [YR2019]2020 [YR2020]2021 [YR2021]2022 [YR2022],4068
Luxembourg,2003 [YR2003]2004 [YR2004]2005 [YR2005]2006 [YR2006]2007 [YR2007]2008 [YR2008]2009 [YR2009]2010 [YR2010]2011 [YR2011]2012 [YR2012]2013 [YR2013]2014 [YR2014]2015 [YR2015]2016 [YR2016]2017 [YR2017]2018 [YR2018]2019 [YR2019]2020 [YR2020]2021 [YR2021]2022 [YR2022],1206
"Macao SAR, China",2003 [YR2003]2004 [YR2004]2005 [YR2005]2006 [YR2006]2007 [YR2007]2008 [YR2008]2009 [YR2009]2010 [YR2010]2011 [YR2011]2012 [YR2012]2013 [YR2013]2014 [YR2014]2015 [YR2015]2016 [YR2016]2017 [YR2017]2018 [YR2018]2019 [YR2019]2020 [YR2020]2021 [YR2021]2022 [YR2022],4691
Madagascar,2003 [YR2003]2004 [YR2004]2005 [YR2005]2006 [YR2006]2007 [YR2007]2008 [YR2008]2009 [YR2009]2010 [YR2010]2011 [YR2011]2012 [YR2012]2013 [YR2013]2014 [YR2014]2015 [YR2015]2016 [YR2016]2017 [YR2017]2018 [YR2018]2019 [YR2019]2020 [YR2020]2021 [YR2021]2022 [YR2022],729
Malawi,2003 [YR2003]2004 [YR2004]2005 [YR2005]2006 [YR2006]2007 [YR2007]2008 [YR2008]2009 [YR2009]2010 [YR2010]2011 [YR2011]2012 [YR2012]2013 [YR2013]2014 [YR2014]2015 [YR2015]2016 [YR2016]2017 [YR2017]2018 [YR2018]2019 [YR2019]2020 [YR2020]2021 [YR2021]2022 [YR2022],2203
Malaysia,2003 [YR2003]2004 [YR2004]2005 [YR2005]2006 [YR2006]2007 [YR2007]2008 [YR2008]2009 [YR2009]2010 [YR2010]2011 [YR2011]2012 [YR2012]2013 [YR2013]2014 [YR2014]2015 [YR2015]2016 [YR2016]2017 [YR2017]2018 [YR2018]2019 [YR2019]2020 [YR2020]2021 [YR2021]2022 [YR2022],713
Maldives,2003 [YR2003]2004 [YR2004]2005 [YR2005]2006 [YR2006]2007 [YR2007]2008 [YR2008]2009 [YR2009]2010 [YR2010]2011 [YR2011]2012 [YR2012]2013 [YR2013]2014 [YR2014]2015 [YR2015]2016 [YR2016]2017 [YR2017]2018 [YR2018]2019 [YR2019]2020 [YR2020]2021 [YR2021]2022 [YR2022],2381
Mali,2003 [YR2003]2004 [YR2004]2005 [YR2005]2006 [YR2006]2007 [YR2007]2008 [YR2008]2009 [YR2009]2010 [YR2010]2011 [YR2011]2012 [YR2012]2013 [YR2013]2014 [YR2014]2015 [YR2015]2016 [YR2016]2017 [YR2017]2018 [YR2018]2019 [YR2019]2020 [YR2020]2021 [YR2021]2022 [YR2022],999
Malta,2003 [YR2003]2004 [YR2004]2005 [YR2005]2006 [YR2006]2007 [YR2007]2008 [YR2008]2009 [YR2009]2010 [YR2010]2011 [YR2011]2012 [YR2012]2013 [YR2013]2014 [YR2014]2015 [YR2015]2016 [YR2016]2017 [YR2017]2018 [YR2018]2019 [YR2019]2020 [YR2020]2021 [YR2021]2022 [YR2022],1679
Marshall Islands,2003 [YR2003]2004 [YR2004]2005 [YR2005]2006 [YR2006]2007 [YR2007]2008 [YR2008]2009 [YR2009]2010 [YR2010]2011 [YR2011]2012 [YR2012]2013 [YR2013]2014 [YR2014]2015 [YR2015]2016 [YR2016]2017 [YR2017]2018 [YR2018]2019 [YR2019]2020 [YR2020]2021 [YR2021]2022 [YR2022],4103
Mauritania,2003 [YR2003]2004 [YR2004]2005 [YR2005]2006 [YR2006]2007 [YR2007]2008 [YR2008]2009 [YR2009]2010 [YR2010]2011 [YR2011]2012 [YR2012]2013 [YR2013]2014 [YR2014]2015 [YR2015]2016 [YR2016]2017 [YR2017]2018 [YR2018]2019 [YR2019]2020 [YR2020]2021 [YR2021]2022 [YR2022],1554
Mauritius,2003 [YR2003]2004 [YR2004]2005 [YR2005]2006 [YR2006]2007 [YR2007]2008 [YR2008]2009 [YR2009]2010 [YR2010]2011 [YR2011]2012 [YR2012]2013 [YR2013]2014 [YR2014]2015 [YR2015]2016 [YR2016]2017 [YR2017]2018 [YR2018]2019 [YR2019]2020 [YR2020]2021 [YR2021]2022 [YR2022],729
Mexico,2003 [YR2003]2004 [YR2004]2005 [YR2005]2006 [YR2006]2007 [YR2007]2008 [YR2008]2009 [YR2009]2010 [YR2010]2011 [YR2011]2012 [YR2012]2013 [YR2013]2014 [YR2014]2015 [YR2015]2016 [YR2016]2017 [YR2017]2018 [YR2018]2019 [YR2019]2020 [YR2020]2021 [YR2021]2022 [YR2022],867
"Micronesia, Fed. Sts.",2003 [YR2003]2004 [YR2004]2005 [YR2005]2006 [YR2006]2007 [YR2007]2008 [YR2008]2009 [YR2009]2010 [YR2010]2011 [YR2011]2012 [YR2012]2013 [YR2013]2014 [YR2014]2015 [YR2015]2016 [YR2016]2017 [YR2017]2018 [YR2018]2019 [YR2019]2020 [YR2020]2021 [YR2021]2022 [YR2022],4914
Middle East & North Africa,2003 [YR2003]2004 [YR2004]2005 [YR2005]2006 [YR2006]2007 [YR2007]2008 [YR2008]2009 [YR2009]2010 [YR2010]2011 [YR2011]2012 [YR2012]2013 [YR2013]2014 [YR2014]2015 [YR2015]2016 [YR2016]2017 [YR2017]2018 [YR2018]2019 [YR2019]2020 [YR2020]2021 [YR2021]2022 [YR2022],4608
Middle East & North Africa (IDA & IBRD countries),2003 [YR2003]2004 [YR2004]2005 [YR2005]2006 [YR2006]2007 [YR2007]2008 [YR2008]2009 [YR2009]2010 [YR2010]2011 [YR2011]2012 [YR2012]2013 [YR2013]2014 [YR2014]2015 [YR2015]2016 [YR2016]2017 [YR2017]2018 [YR2018]2019 [YR2019]2020 [YR2020]2021 [YR2021]2022 [YR2022],4434
Middle East & North Africa (excluding high income),2003 [YR2003]2004 [YR2004]2005 [YR2005]2006 [YR2006]2007 [YR2007]2008 [YR2008]2009 [YR2009]2010 [YR2010]2011 [YR2011]2012 [YR2012]2013 [YR2013]2014 [YR2014]2015 [YR2015]2016 [YR2016]2017 [YR2017]2018 [YR2018]2019 [YR2019]2020 [YR2020]2021 [YR2021]2022 [YR2022],4335
Middle income,2003 [YR2003]2004 [YR2004]2005 [YR2005]2006 [YR2006]2007 [YR2007]2008 [YR2008]2009 [YR2009]2010 [YR2010]2011 [YR2011]2012 [YR2012]2013 [YR2013]2014 [YR2014]2015 [YR2015]2016 [YR2016]2017 [YR2017]2018 [YR2018]2019 [YR2019]2020 [YR2020]2021 [YR2021]2022 [YR2022],4361
Moldova,2003 [YR2003]2004 [YR2004]2005 [YR2005]2006 [YR2006]2007 [YR2007]2008 [YR2008]2009 [YR2009]2010 [YR2010]2011 [YR2011]2012 [YR2012]2013 [YR2013]2014 [YR2014]2015 [YR2015]2016 [YR2016]2017 [YR2017]2018 [YR2018]2019 [YR2019]2020 [YR2020]2021 [YR2021]2022 [YR2022],668
Monaco,2003 [YR2003]2004 [YR2004]2005 [YR2005]2006 [YR2006]2007 [YR2007]2008 [YR2008]2009 [YR2009]2010 [YR2010]2011 [YR2011]2012 [YR2012]2013 [YR2013]2014 [YR2014]2015 [YR2015]2016 [YR2016]2017 [YR2017]2018 [YR2018]2019 [YR2019]2020 [YR2020]2021 [YR2021]2022 [YR2022],9307
Mongolia,2003 [YR2003]2004 [YR2004]2005 [YR2005]2006 [YR2006]2007 [YR2007]2008 [YR2008]2009 [YR2009]2010 [YR2010]2011 [YR2011]2012 [YR2012]2013 [YR2013]2014 [YR2014]2015 [YR2015]2016 [YR2016]2017 [YR2017]2018 [YR2018]2019 [YR2019]2020 [YR2020]2021 [YR2021]2022 [YR2022],1042
Montenegro,2003 [YR2003]2004 [YR2004]2005 [YR2005]2006 [YR2006]2007 [YR2007]2008 [YR2008]2009 [YR2009]2010 [YR2010]2011 [YR2011]2012 [YR2012]2013 [YR2013]2014 [YR2014]2015 [YR2015]2016 [YR2016]2017 [YR2017]2018 [YR2018]2019 [YR2019]2020 [YR2020]2021 [YR2021]2022 [YR2022],2010
Morocco,2003 [YR2003]2004 [YR2004]2005 [YR2005]2006 [YR2006]2007 [YR2007]2008 [YR2008]2009 [YR2009]2010 [YR2010]2011 [YR2011]2012 [YR2012]2013 [YR2013]2014 [YR2014]2015 [YR2015]2016 [YR2016]2017 [YR2017]2018 [YR2018]2019 [YR2019]2020 [YR2020]2021 [YR2021]2022 [YR2022],645
Mozambique,2003 [YR2003]2004 [YR2004]2005 [YR2005]2006 [YR2006]2007 [YR2007]2008 [YR2008]2009 [YR2009]2010 [YR2010]2011 [YR2011]2012 [YR2012]2013 [YR2013]2014 [YR2014]2015 [YR2015]2016 [YR2016]2017 [YR2017]2018 [YR2018]2019 [YR2019]2020 [YR2020]2021 [YR2021]2022 [YR2022],2056
Myanmar,2003 [YR2003]2004 [YR2004]2005 [YR2005]2006 [YR2006]2007 [YR2007]2008 [YR2008]2009 [YR2009]2010 [YR2010]2011 [YR2011]2012 [YR2012]2013 [YR2013]2014 [YR2014]2015 [YR2015]2016 [YR2016]2017 [YR2017]2018 [YR2018]2019 [YR2019]2020 [YR2020]2021 [YR2021]2022 [YR2022],3023
Namibia,2003 [YR2003]2004 [YR2004]2005 [YR2005]2006 [YR2006]2007 [YR2007]2008 [YR2008]2009 [YR2009]2010 [YR2010]2011 [YR2011]2012 [YR2012]2013 [YR2013]2014 [YR2014]2015 [YR2015]2016 [YR2016]2017 [YR2017]2018 [YR2018]2019 [YR2019]2020 [YR2020]2021 [YR2021]2022 [YR2022],865
Nauru,2003 [YR2003]2004 [YR2004]2005 [YR2005]2006 [YR2006]2007 [YR2007]2008 [YR2008]2009 [YR2009]2010 [YR2010]2011 [YR2011]2012 [YR2012]2013 [YR2013]2014 [YR2014]2015 [YR2015]2016 [YR2016]2017 [YR2017]2018 [YR2018]2019 [YR2019]2020 [YR2020]2021 [YR2021]2022 [YR2022],6879
Nepal,2003 [YR2003]2004 [YR2004]2005 [YR2005]2006 [YR2006]2007 [YR2007]2008 [YR2008]2009 [YR2009]2010 [YR2010]2011 [YR2011]2012 [YR2012]2013 [YR2013]2014 [YR2014]2015 [YR2015]2016 [YR2016]2017 [YR2017]2018 [YR2018]2019 [YR2019]2020 [YR2020]2021 [YR2021]2022 [YR2022],813
Netherlands,2003 [YR2003]2004 [YR2004]2005 [YR2005]2006 [YR2006]2007 [YR2007]2008 [YR2008]2009 [YR2009]2010 [YR2010]2011 [YR2011]2012 [YR2012]2013 [YR2013]2014 [YR2014]2015 [YR2015]2016 [YR2016]2017 [YR2017]2018 [YR2018]2019 [YR2019]2020 [YR2020]2021 [YR2021]2022 [YR2022],1124
New Caledonia,2003 [YR2003]2004 [YR2004]2005 [YR2005]2006 [YR2006]2007 [YR2007]2008 [YR2008]2009 [YR2009]2010 [YR2010]2011 [YR2011]2012 [YR2012]2013 [YR2013]2014 [YR2014]2015 [YR2015]2016 [YR2016]2017 [YR2017]2018 [YR2018]2019 [YR2019]2020 [YR2020]2021 [YR2021]2022 [YR2022],7903
New Zealand,2003 [YR2003]2004 [YR2004]2005 [YR2005]2006 [YR2006]2007 [YR2007]2008 [YR2008]2009 [YR2009]2010 [YR2010]2011 [YR2011]2012 [YR2012]2013 [YR2013]2014 [YR2014]2015 [YR2015]2016 [YR2016]2017 [YR2017]2018 [YR2018]2019 [YR2019]2020 [YR2020]2021 [YR2021]2022 [YR2022],1232
Nicaragua,2003 [YR2003]2004 [YR2004]2005 [YR2005]2006 [YR2006]2007 [YR2007]2008 [YR2008]2009 [YR2009]2010 [YR2010]2011 [YR2011]2012 [YR2012]2013 [YR2013]2014 [YR2014]2015 [YR2015]2016 [YR2016]2017 [YR2017]2018 [YR2018]2019 [YR2019]2020 [YR2020]2021 [YR2021]2022 [YR2022],1043
Niger,2003 [YR2003]2004 [YR2004]2005 [YR2005]2006 [YR2006]2007 [YR2007]2008 [YR2008]2009 [YR2009]2010 [YR2010]2011 [YR2011]2012 [YR2012]2013 [YR2013]2014 [YR2014]2015 [YR2015]2016 [YR2016]2017 [YR2017]2018 [YR2018]2019 [YR2019]2020 [YR2020]2021 [YR2021]2022 [YR2022],917
Nigeria,2003 [YR2003]2004 [YR2004]2005 [YR2005]2006 [YR2006]2007 [YR2007]2008 [YR2008]2009 [YR2009]2010 [YR2010]2011 [YR2011]2012 [YR2012]2013 [YR2013]2014 [YR2014]2015 [YR2015]2016 [YR2016]2017 [YR2017]2018 [YR2018]2019 [YR2019]2020 [YR2020]2021 [YR2021]2022 [YR2022],2350
North America,2003 [YR2003]2004 [YR2004]2005 [YR2005]2006 [YR2006]2007 [YR2007]2008 [YR2008]2009 [YR2009]2010 [YR2010]2011 [YR2011]2012 [YR2012]2013 [YR2013]2014 [YR2014]2015 [YR2015]2016 [YR2016]2017 [YR2017]2018 [YR2018]2019 [YR2019]2020 [YR2020]2021 [YR2021]2022 [YR2022],4492
North Macedonia,2003 [YR2003]2004 [YR2004]2005 [YR2005]2006 [YR2006]2007 [YR2007]2008 [YR2008]2009 [YR2009]2010 [YR2010]2011 [YR2011]2012 [YR2012]2013 [YR2013]2014 [YR2014]2015 [YR2015]2016 [YR2016]2017 [YR2017]2018 [YR2018]2019 [YR2019]2020 [YR2020]2021 [YR2021]2022 [YR2022],793
Northern Mariana Islands,2003 [YR2003]2004 [YR2004]2005 [YR2005]2006 [YR2006]2007 [YR2007]2008 [YR2008]2009 [YR2009]2010 [YR2010]2011 [YR2011]2012 [YR2012]2013 [YR2013]2014 [YR2014]2015 [YR2015]2016 [YR2016]2017 [YR2017]2018 [YR2018]2019 [YR2019]2020 [YR2020]2021 [YR2021]2022 [YR2022],11251
Norway,2003 [YR2003]2004 [YR2004]2005 [YR2005]2006 [YR2006]2007 [YR2007]2008 [YR2008]2009 [YR2009]2010 [YR2010]2011 [YR2011]2012 [YR2012]2013 [YR2013]2014 [YR2014]2015 [YR2015]2016 [YR2016]2017 [YR2017]2018 [YR2018]2019 [YR2019]2020 [YR2020]2021 [YR2021]2022 [YR2022],1056
Not classified,2003 [YR2003]2004 [YR2004]2005 [YR2005]2006 [YR2006]2007 [YR2007]2008 [YR2008]2009 [YR2009]2010 [YR2010]2011 [YR2011]2012 [YR2012]2013 [YR2013]2014 [YR2014]2015 [YR2015]2016 [YR2016]2017 [YR2017]2018 [YR2018]2019 [YR2019]2020 [YR2020]2021 [YR2021]2022 [YR2022],16080
OECD members,2003 [YR2003]2004 [YR2004]2005 [YR2005]2006 [YR2006]2007 [YR2007]2008 [YR2008]2009 [YR2009]2010 [YR2010]2011 [YR2011]2012 [YR2012]2013 [YR2013]2014 [YR2014]2015 [YR2015]2016 [YR2016]2017 [YR2017]2018 [YR2018]2019 [YR2019]2020 [YR2020]2021 [YR2021]2022 [YR2022],4331
Oman,2003 [YR2003]2004 [YR2004]2005 [YR2005]2006 [YR2006]2007 [YR2007]2008 [YR2008]2009 [YR2009]2010 [YR2010]2011 [YR2011]2012 [YR2012]2013 [YR2013]2014 [YR2014]2015 [YR2015]2016 [YR2016]2017 [YR2017]2018 [YR2018]2019 [YR2019]2020 [YR2020]2021 [YR2021]2022 [YR2022],1140
Other small states,2003 [YR2003]2004 [YR2004]2005 [YR2005]2006 [YR2006]2007 [YR2007]2008 [YR2008]2009 [YR2009]2010 [YR2010]2011 [YR2011]2012 [YR2012]2013 [YR2013]2014 [YR2014]2015 [YR2015]2016 [YR2016]2017 [YR2017]2018 [YR2018]2019 [YR2019]2020 [YR2020]2021 [YR2021]2022 [YR2022],5032
Pacific island small states,2003 [YR2003]2004 [YR2004]2005 [YR2005]2006 [YR2006]2007 [YR2007]2008 [YR2008]2009 [YR2009]2010 [YR2010]2011 [YR2011]2012 [YR2012]2013 [YR2013]2014 [YR2014]2015 [YR2015]2016 [YR2016]2017 [YR2017]2018 [YR2018]2019 [YR2019]2020 [YR2020]2021 [YR2021]2022 [YR2022],5211
Pakistan,2003 [YR2003]2004 [YR2004]2005 [YR2005]2006 [YR2006]2007 [YR2007]2008 [YR2008]2009 [YR2009]2010 [YR2010]2011 [YR2011]2012 [YR2012]2013 [YR2013]2014 [YR2014]2015 [YR2015]2016 [YR2016]2017 [YR2017]2018 [YR2018]2019 [YR2019]2020 [YR2020]2021 [YR2021]2022 [YR2022],920
Palau,2003 [YR2003]2004 [YR2004]2005 [YR2005]2006 [YR2006]2007 [YR2007]2008 [YR2008]2009 [YR2009]2010 [YR2010]2011 [YR2011]2012 [YR2012]2013 [YR2013]2014 [YR2014]2015 [YR2015]2016 [YR2016]2017 [YR2017]2018 [YR2018]2019 [YR2019]2020 [YR2020]2021 [YR2021]2022 [YR2022],5436
Panama,2003 [YR2003]2004 [YR2004]2005 [YR2005]2006 [YR2006]2007 [YR2007]2008 [YR2008]2009 [YR2009]2010 [YR2010]2011 [YR2011]2012 [YR2012]2013 [YR2013]2014 [YR2014]2015 [YR2015]2016 [YR2016]2017 [YR2017]2018 [YR2018]2019 [YR2019]2020 [YR2020]2021 [YR2021]2022 [YR2022],1466
Papua New Guinea,2003 [YR2003]2004 [YR2004]2005 [YR2005]2006 [YR2006]2007 [YR2007]2008 [YR2008]2009 [YR2009]2010 [YR2010]2011 [YR2011]2012 [YR2012]2013 [YR2013]2014 [YR2014]2015 [YR2015]2016 [YR2016]2017 [YR2017]2018 [YR2018]2019 [YR2019]2020 [YR2020]2021 [YR2021]2022 [YR2022],2601
Paraguay,2003 [YR2003]2004 [YR2004]2005 [YR2005]2006 [YR2006]2007 [YR2007]2008 [YR2008]2009 [YR2009]2010 [YR2010]2011 [YR2011]2012 [YR2012]2013 [YR2013]2014 [YR2014]2015 [YR2015]2016 [YR2016]2017 [YR2017]2018 [YR2018]2019 [YR2019]2020 [YR2020]2021 [YR2021]2022 [YR2022],763
Peru,2003 [YR2003]2004 [YR2004]2005 [YR2005]2006 [YR2006]2007 [YR2007]2008 [YR2008]2009 [YR2009]2010 [YR2010]2011 [YR2011]2012 [YR2012]2013 [YR2013]2014 [YR2014]2015 [YR2015]2016 [YR2016]2017 [YR2017]2018 [YR2018]2019 [YR2019]2020 [YR2020]2021 [YR2021]2022 [YR2022],692
Philippines,2003 [YR2003]2004 [YR2004]2005 [YR2005]2006 [YR2006]2007 [YR2007]2008 [YR2008]2009 [YR2009]2010 [YR2010]2011 [YR2011]2012 [YR2012]2013 [YR2013]2014 [YR2014]2015 [YR2015]2016 [YR2016]2017 [YR2017]2018 [YR2018]2019 [YR2019]2020 [YR2020]2021 [YR2021]2022 [YR2022],827
Poland,2003 [YR2003]2004 [YR2004]2005 [YR2005]2006 [YR2006]2007 [YR2007]2008 [YR2008]2009 [YR2009]2010 [YR2010]2011 [YR2011]2012 [YR2012]2013 [YR2013]2014 [YR2014]2015 [YR2015]2016 [YR2016]2017 [YR2017]2018 [YR2018]2019 [YR2019]2020 [YR2020]2021 [YR2021]2022 [YR2022],983
Portugal,2003 [YR2003]2004 [YR2004]2005 [YR2005]2006 [YR2006]2007 [YR2007]2008 [YR2008]2009 [YR2009]2010 [YR2010]2011 [YR2011]2012 [YR2012]2013 [YR2013]2014 [YR2014]2015 [YR2015]2016 [YR2016]2017 [YR2017]2018 [YR2018]2019 [YR2019]2020 [YR2020]2021 [YR2021]2022 [YR2022],1046
Post-demographic dividend,2003 [YR2003]2004 [YR2004]2005 [YR2005]2006 [YR2006]2007 [YR2007]2008 [YR2008]2009 [YR2009]2010 [YR2010]2011 [YR2011]2012 [YR2012]2013 [YR2013]2014 [YR2014]2015 [YR2015]2016 [YR2016]2017 [YR2017]2018 [YR2018]2019 [YR2019]2020 [YR2020]2021 [YR2021]2022 [YR2022],4263
Pre-demographic dividend,2003 [YR2003]2004 [YR2004]2005 [YR2005]2006 [YR2006]2007 [YR2007]2008 [YR2008]2009 [YR2009]2010 [YR2010]2011 [YR2011]2012 [YR2012]2013 [YR2013]2014 [YR2014]2015 [YR2015]2016 [YR2016]2017 [YR2017]2018 [YR2018]2019 [YR2019]2020 [YR2020]2021 [YR2021]2022 [YR2022],5206
Puerto Rico,2003 [YR2003]2004 [YR2004]2005 [YR2005]2006 [YR2006]2007 [YR2007]2008 [YR2008]2009 [YR2009]2010 [YR2010]2011 [YR2011]2012 [YR2012]2013 [YR2013]2014 [YR2014]2015 [YR2015]2016 [YR2016]2017 [YR2017]2018 [YR2018]2019 [YR2019]2020 [YR2020]2021 [YR2021]2022 [YR2022],6673
Qatar,2003 [YR2003]2004 [YR2004]2005 [YR2005]2006 [YR2006]2007 [YR2007]2008 [YR2008]2009 [YR2009]2010 [YR2010]2011 [YR2011]2012 [YR2012]2013 [YR2013]2014 [YR2014]2015 [YR2015]2016 [YR2016]2017 [YR2017]2018 [YR2018]2019 [YR2019]2020 [YR2020]2021 [YR2021]2022 [YR2022],2318
Romania,2003 [YR2003]2004 [YR2004]2005 [YR2005]2006 [YR2006]2007 [YR2007]2008 [YR2008]2009 [YR2009]2010 [YR2010]2011 [YR2011]2012 [YR2012]2013 [YR2013]2014 [YR2014]2015 [YR2015]2016 [YR2016]2017 [YR2017]2018 [YR2018]2019 [YR2019]2020 [YR2020]2021 [YR2021]2022 [YR2022],921
Russian Federation,2003 [YR2003]2004 [YR2004]2005 [YR2005]2006 [YR2006]2007 [YR2007]2008 [YR2008]2009 [YR2009]2010 [YR2010]2011 [YR2011]2012 [YR2012]2013 [YR2013]2014 [YR2014]2015 [YR2015]2016 [YR2016]2017 [YR2017]2018 [YR2018]2019 [YR2019]2020 [YR2020]2021 [YR2021]2022 [YR2022],1349
Rwanda,2003 [YR2003]2004 [YR2004]2005 [YR2005]2006 [YR2006]2007 [YR2007]2008 [YR2008]2009 [YR2009]2010 [YR2010]2011 [YR2011]2012 [YR2012]2013 [YR2013]2014 [YR2014]2015 [YR2015]2016 [YR2016]2017 [YR2017]2018 [YR2018]2019 [YR2019]2020 [YR2020]2021 [YR2021]2022 [YR2022],1125
Samoa,2003 [YR2003]2004 [YR2004]2005 [YR2005]2006 [YR2006]2007 [YR2007]2008 [YR2008]2009 [YR2009]2010 [YR2010]2011 [YR2011]2012 [YR2012]2013 [YR2013]2014 [YR2014]2015 [YR2015]2016 [YR2016]2017 [YR2017]2018 [YR2018]2019 [YR2019]2020 [YR2020]2021 [YR2021]2022 [YR2022],1801
San Marino,2003 [YR2003]2004 [YR2004]2005 [YR2005]2006 [YR2006]2007 [YR2007]2008 [YR2008]2009 [YR2009]2010 [YR2010]2011 [YR2011]2012 [YR2012]2013 [YR2013]2014 [YR2014]2015 [YR2015]2016 [YR2016]2017 [YR2017]2018 [YR2018]2019 [YR2019]2020 [YR2020]2021 [YR2021]2022 [YR2022],7888
Sao Tome and Principe,2003 [YR2003]2004 [YR2004]2005 [YR2005]2006 [YR2006]2007 [YR2007]2008 [YR2008]2009 [YR2009]2010 [YR2010]2011 [YR2011]2012 [YR2012]2013 [YR2013]2014 [YR2014]2015 [YR2015]2016 [YR2016]2017 [YR2017]2018 [YR2018]2019 [YR2019]2020 [YR2020]2021 [YR2021]2022 [YR2022],2366
Saudi Arabia,2003 [YR2003]2004 [YR2004]2005 [YR2005]2006 [YR2006]2007 [YR2007]2008 [YR2008]2009 [YR2009]2010 [YR2010]2011 [YR2011]2012 [YR2012]2013 [YR2013]2014 [YR2014]2015 [YR2015]2016 [YR2016]2017 [YR2017]2018 [YR2018]2019 [YR2019]2020 [YR2020]2021 [YR2021]2022 [YR2022],1416
Senegal,2003 [YR2003]2004 [YR2004]2005 [YR2005]2006 [YR2006]2007 [YR2007]2008 [YR2008]2009 [YR2009]2010 [YR2010]2011 [YR2011]2012 [YR2012]2013 [YR2013]2014 [YR2014]2015 [YR2015]2016 [YR2016]2017 [YR2017]2018 [YR2018]2019 [YR2019]2020 [YR2020]2021 [YR2021]2022 [YR2022],793
Serbia,2003 [YR2003]2004 [YR2004]2005 [YR2005]2006 [YR2006]2007 [YR2007]2008 [YR2008]2009 [YR2009]2010 [YR2010]2011 [YR2011]2012 [YR2012]2013 [YR2013]2014 [YR2014]2015 [YR2015]2016 [YR2016]2017 [YR2017]2018 [YR2018]2019 [YR2019]2020 [YR2020]2021 [YR2021]2022 [YR2022],1286
Seychelles,2003 [YR2003]2004 [YR2004]2005 [YR2005]2006 [YR2006]2007 [YR2007]2008 [YR2008]2009 [YR2009]2010 [YR2010]2011 [YR2011]2012 [YR2012]2013 [YR2013]2014 [YR2014]2015 [YR2015]2016 [YR2016]2017 [YR2017]2018 [YR2018]2019 [YR2019]2020 [YR2020]2021 [YR2021]2022 [YR2022],2276
Sierra Leone,2003 [YR2003]2004 [YR2004]2005 [YR2005]2006 [YR2006]2007 [YR2007]2008 [YR2008]2009 [YR2009]2010 [YR2010]2011 [YR2011]2012 [YR2012]2013 [YR2013]2014 [YR2014]2015 [YR2015]2016 [YR2016]2017 [YR2017]2018 [YR2018]2019 [YR2019]2020 [YR2020]2021 [YR2021]2022 [YR2022],1289
Singapore,2003 [YR2003]2004 [YR2004]2005 [YR2005]2006 [YR2006]2007 [YR2007]2008 [YR2008]2009 [YR2009]2010 [YR2010]2011 [YR2011]2012 [YR2012]2013 [YR2013]2014 [YR2014]2015 [YR2015]2016 [YR2016]2017 [YR2017]2018 [YR2018]2019 [YR2019]2020 [YR2020]2021 [YR2021]2022 [YR2022],1555
Sint Maarten (Dutch part),2003 [YR2003]2004 [YR2004]2005 [YR2005]2006 [YR2006]2007 [YR2007]2008 [YR2008]2009 [YR2009]2010 [YR2010]2011 [YR2011]2012 [YR2012]2013 [YR2013]2014 [YR2014]2015 [YR2015]2016 [YR2016]2017 [YR2017]2018 [YR2018]2019 [YR2019]2020 [YR2020]2021 [YR2021]2022 [YR2022],10433
Slovak Republic,2003 [YR2003]2004 [YR2004]2005 [YR2005]2006 [YR2006]2007 [YR2007]2008 [YR2008]2009 [YR2009]2010 [YR2010]2011 [YR2011]2012 [YR2012]2013 [YR2013]2014 [YR2014]2015 [YR2015]2016 [YR2016]2017 [YR2017]2018 [YR2018]2019 [YR2019]2020 [YR2020]2021 [YR2021]2022 [YR2022],1122
Slovenia,2003 [YR2003]2004 [YR2004]2005 [YR2005]2006 [YR2006]2007 [YR2007]2008 [YR2008]2009 [YR2009]2010 [YR2010]2011 [YR2011]2012 [YR2012]2013 [YR2013]2014 [YR2014]2015 [YR2015]2016 [YR2016]2017 [YR2017]2018 [YR2018]2019 [YR2019]2020 [YR2020]2021 [YR2021]2022 [YR2022],1218
Small states,2003 [YR2003]2004 [YR2004]2005 [YR2005]2006 [YR2006]2007 [YR2007]2008 [YR2008]2009 [YR2009]2010 [YR2010]2011 [YR2011]2012 [YR2012]2013 [YR2013]2014 [YR2014]2015 [YR2015]2016 [YR2016]2017 [YR2017]2018 [YR2018]2019 [YR2019]2020 [YR2020]2021 [YR2021]2022 [YR2022],4970
Solomon Islands,2003 [YR2003]2004 [YR2004]2005 [YR2005]2006 [YR2006]2007 [YR2007]2008 [YR2008]2009 [YR2009]2010 [YR2010]2011 [YR2011]2012 [YR2012]2013 [YR2013]2014 [YR2014]2015 [YR2015]2016 [YR2016]2017 [YR2017]2018 [YR2018]2019 [YR2019]2020 [YR2020]2021 [YR2021]2022 [YR2022],1611
Somalia,2003 [YR2003]2004 [YR2004]2005 [YR2005]2006 [YR2006]2007 [YR2007]2008 [YR2008]2009 [YR2009]2010 [YR2010]2011 [YR2011]2012 [YR2012]2013 [YR2013]2014 [YR2014]2015 [YR2015]2016 [YR2016]2017 [YR2017]2018 [YR2018]2019 [YR2019]2020 [YR2020]2021 [YR2021]2022 [YR2022],5951
South Africa,2003 [YR2003]2004 [YR2004]2005 [YR2005]2006 [YR2006]2007 [YR2007]2008 [YR2008]2009 [YR2009]2010 [YR2010]2011 [YR2011]2012 [YR2012]2013 [YR2013]2014 [YR2014]2015 [YR2015]2016 [YR2016]2017 [YR2017]2018 [YR2018]2019 [YR2019]2020 [YR2020]2021 [YR2021]2022 [YR2022],714
South Asia,2003 [YR2003]2004 [YR2004]2005 [YR2005]2006 [YR2006]2007 [YR2007]2008 [YR2008]2009 [YR2009]2010 [YR2010]2011 [YR2011]2012 [YR2012]2013 [YR2013]2014 [YR2014]2015 [YR2015]2016 [YR2016]2017 [YR2017]2018 [YR2018]2019 [YR2019]2020 [YR2020]2021 [YR2021]2022 [YR2022],4084
South Asia (IDA & IBRD),2003 [YR2003]2004 [YR2004]2005 [YR2005]2006 [YR2006]2007 [YR2007]2008 [YR2008]2009 [YR2009]2010 [YR2010]2011 [YR2011]2012 [YR2012]2013 [YR2013]2014 [YR2014]2015 [YR2015]2016 [YR2016]2017 [YR2017]2018 [YR2018]2019 [YR2019]2020 [YR2020]2021 [YR2021]2022 [YR2022],4200
South Sudan,2003 [YR2003]2004 [YR2004]2005 [YR2005]2006 [YR2006]2007 [YR2007]2008 [YR2008]2009 [YR2009]2010 [YR2010]2011 [YR2011]2012 [YR2012]2013 [YR2013]2014 [YR2014]2015 [YR2015]2016 [YR2016]2017 [YR2017]2018 [YR2018]2019 [YR2019]2020 [YR2020]2021 [YR2021]2022 [YR2022],6321
Spain,2003 [YR2003]2004 [YR2004]2005 [YR2005]2006 [YR2006]2007 [YR2007]2008 [YR2008]2009 [YR2009]2010 [YR2010]2011 [YR2011]2012 [YR2012]2013 [YR2013]2014 [YR2014]2015 [YR2015]2016 [YR2016]2017 [YR2017]2018 [YR2018]2019 [YR2019]2020 [YR2020]2021 [YR2021]2022 [YR2022],1306
Sri Lanka,2003 [YR2003]2004 [YR2004]2005 [YR2005]2006 [YR2006]2007 [YR2007]2008 [YR2008]2009 [YR2009]2010 [YR2010]2011 [YR2011]2012 [YR2012]2013 [YR2013]2014 [YR2014]2015 [YR2015]2016 [YR2016]2017 [YR2017]2018 [YR2018]2019 [YR2019]2020 [YR2020]2021 [YR2021]2022 [YR2022],1282
St. Kitts and Nevis,2003 [YR2003]2004 [YR2004]2005 [YR2005]2006 [YR2006]2007 [YR2007]2008 [YR2008]2009 [YR2009]2010 [YR2010]2011 [YR2011]2012 [YR2012]2013 [YR2013]2014 [YR2014]2015 [YR2015]2016 [YR2016]2017 [YR2017]2018 [YR2018]2019 [YR2019]2020 [YR2020]2021 [YR2021]2022 [YR2022],4398
St. Lucia,2003 [YR2003]2004 [YR2004]2005 [YR2005]2006 [YR2006]2007 [YR2007]2008 [YR2008]2009 [YR2009]2010 [YR2010]2011 [YR2011]2012 [YR2012]2013 [YR2013]2014 [YR2014]2015 [YR2015]2016 [YR2016]2017 [YR2017]2018 [YR2018]2019 [YR2019]2020 [YR2020]2021 [YR2021]2022 [YR2022],2377
St. Martin (French part),2003 [YR2003]2004 [YR2004]2005 [YR2005]2006 [YR2006]2007 [YR2007]2008 [YR2008]2009 [YR2009]2010 [YR2010]2011 [YR2011]2012 [YR2012]2013 [YR2013]2014 [YR2014]2015 [YR2015]2016 [YR2016]2017 [YR2017]2018 [YR2018]2019 [YR2019]2020 [YR2020]2021 [YR2021]2022 [YR2022],12373
St. Vincent and the Grenadines,2003 [YR2003]2004 [YR2004]2005 [YR2005]2006 [YR2006]2007 [YR2007]2008 [YR2008]2009 [YR2009]2010 [YR2010]2011 [YR2011]2012 [YR2012]2013 [YR2013]2014 [YR2014]2015 [YR2015]2016 [YR2016]2017 [YR2017]2018 [YR2018]2019 [YR2019]2020 [YR2020]2021 [YR2021]2022 [YR2022],2511
Sub-Saharan Africa,2003 [YR2003]2004 [YR2004]2005 [YR2005]2006 [YR2006]2007 [YR2007]2008 [YR2008]2009 [YR2009]2010 [YR2010]2011 [YR2011]2012 [YR2012]2013 [YR2013]2014 [YR2014]2015 [YR2015]2016 [YR2016]2017 [YR2017]2018 [YR2018]2019 [YR2019]2020 [YR2020]2021 [YR2021]2022 [YR2022],4279
Sub-Saharan Africa (IDA & IBRD countries),2003 [YR2003]2004 [YR2004]2005 [YR2005]2006 [YR2006]2007 [YR2007]2008 [YR2008]2009 [YR2009]2010 [YR2010]2011 [YR2011]2012 [YR2012]2013 [YR2013]2014 [YR2014]2015 [YR2015]2016 [YR2016]2017 [YR2017]2018 [YR2018]2019 [YR2019]2020 [YR2020]2021 [YR2021]2022 [YR2022],4379
Sub-Saharan Africa (excluding high income),2003 [YR2003]2004 [YR2004]2005 [YR2005]2006 [YR2006]2007 [YR2007]2008 [YR2008]2009 [YR2009]2010 [YR2010]2011 [YR2011]2012 [YR2012]2013 [YR2013]2014 [YR2014]2015 [YR2015]2016 [YR2016]2017 [YR2017]2018 [YR2018]2019 [YR2019]2020 [YR2020]2021 [YR2021]2022 [YR2022],4299
Sudan,2003 [YR2003]2004 [YR2004]2005 [YR2005]2006 [YR2006]2007 [YR2007]2008 [YR2008]2009 [YR2009]2010 [YR2010]2011 [YR2011]2012 [YR2012]2013 [YR2013]2014 [YR2014]2015 [YR2015]2016 [YR2016]2017 [YR2017]2018 [YR2018]2019 [YR2019]2020 [YR2020]2021 [YR2021]2022 [YR2022],1411
Suriname,2003 [YR2003]2004 [YR2004]2005 [YR2005]2006 [YR2006]2007 [YR2007]2008 [YR2008]2009 [YR2009]2010 [YR2010]2011 [YR2011]2012 [YR2012]2013 [YR2013]2014 [YR2014]2015 [YR2015]2016 [YR2016]2017 [YR2017]2018 [YR2018]2019 [YR2019]2020 [YR2020]2021 [YR2021]2022 [YR2022],2119
Sweden,2003 [YR2003]2004 [YR2004]2005 [YR2005]2006 [YR2006]2007 [YR2007]2008 [YR2008]2009 [YR2009]2010 [YR2010]2011 [YR2011]2012 [YR2012]2013 [YR2013]2014 [YR2014]2015 [YR2015]2016 [YR2016]2017 [YR2017]2018 [YR2018]2019 [YR2019]2020 [YR2020]2021 [YR2021]2022 [YR2022],1026
Switzerland,2003 [YR2003]2004 [YR2004]2005 [YR2005]2006 [YR2006]2007 [YR2007]2008 [YR2008]2009 [YR2009]2010 [YR2010]2011 [YR2011]2012 [YR2012]2013 [YR2013]2014 [YR2014]2015 [YR2015]2016 [YR2016]2017 [YR2017]2018 [YR2018]2019 [YR2019]2020 [YR2020]2021 [YR2021]2022 [YR2022],1202
Syrian Arab Republic,2003 [YR2003]2004 [YR2004]2005 [YR2005]2006 [YR2006]2007 [YR2007]2008 [YR2008]2009 [YR2009]2010 [YR2010]2011 [YR2011]2012 [YR2012]2013 [YR2013]2014 [YR2014]2015 [YR2015]2016 [YR2016]2017 [YR2017]2018 [YR2018]2019 [YR2019]2020 [YR2020]2021 [YR2021]2022 [YR2022],3042
Tajikistan,2003 [YR2003]2004 [YR2004]2005 [YR2005]2006 [YR2006]2007 [YR2007]2008 [YR2008]2009 [YR2009]2010 [YR2010]2011 [YR2011]2012 [YR2012]2013 [YR2013]2014 [YR2014]2015 [YR2015]2016 [YR2016]2017 [YR2017]2018 [YR2018]2019 [YR2019]2020 [YR2020]2021 [YR2021]2022 [YR2022],1239
Tanzania,2003 [YR2003]2004 [YR2004]2005 [YR2005]2006 [YR2006]2007 [YR2007]2008 [YR2008]2009 [YR2009]2010 [YR2010]2011 [YR2011]2012 [YR2012]2013 [YR2013]2014 [YR2014]2015 [YR2015]2016 [YR2016]2017 [YR2017]2018 [YR2018]2019 [YR2019]2020 [YR2020]2021 [YR2021]2022 [YR2022],868
Thailand,2003 [YR2003]2004 [YR2004]2005 [YR2005]2006 [YR2006]2007 [YR2007]2008 [YR2008]2009 [YR2009]2010 [YR2010]2011 [YR2011]2012 [YR2012]2013 [YR2013]2014 [YR2014]2015 [YR2015]2016 [YR2016]2017 [YR2017]2018 [YR2018]2019 [YR2019]2020 [YR2020]2021 [YR2021]2022 [YR2022],1078
Timor-Leste,2003 [YR2003]2004 [YR2004]2005 [YR2005]2006 [YR2006]2007 [YR2007]2008 [YR2008]2009 [YR2009]2010 [YR2010]2011 [YR2011]2012 [YR2012]2013 [YR2013]2014 [YR2014]2015 [YR2015]2016 [YR2016]2017 [YR2017]2018 [YR2018]2019 [YR2019]2020 [YR2020]2021 [YR2021]2022 [YR2022],1657
Togo,2003 [YR2003]2004 [YR2004]2005 [YR2005]2006 [YR2006]2007 [YR2007]2008 [YR2008]2009 [YR2009]2010 [YR2010]2011 [YR2011]2012 [YR2012]2013 [YR2013]2014 [YR2014]2015 [YR2015]2016 [YR2016]2017 [YR2017]2018 [YR2018]2019 [YR2019]2020 [YR2020]2021 [YR2021]2022 [YR2022],977
Tonga,2003 [YR2003]2004 [YR2004]2005 [YR2005]2006 [YR2006]2007 [YR2007]2008 [YR2008]2009 [YR2009]2010 [YR2010]2011 [YR2011]2012 [YR2012]2013 [YR2013]2014 [YR2014]2015 [YR2015]2016 [YR2016]2017 [YR2017]2018 [YR2018]2019 [YR2019]2020 [YR2020]2021 [YR2021]2022 [YR2022],1891
Trinidad and Tobago,2003 [YR2003]2004 [YR2004]2005 [YR2005]2006 [YR2006]2007 [YR2007]2008 [YR2008]2009 [YR2009]2010 [YR2010]2011 [YR2011]2012 [YR2012]2013 [YR2013]2014 [YR2014]2015 [YR2015]2016 [YR2016]2017 [YR2017]2018 [YR2018]2019 [YR2019]2020 [YR2020]2021 [YR2021]2022 [YR2022],2607
Tunisia,2003 [YR2003]2004 [YR2004]2005 [YR2005]2006 [YR2006]2007 [YR2007]2008 [YR2008]2009 [YR2009]2010 [YR2010]2011 [YR2011]2012 [YR2012]2013 [YR2013]2014 [YR2014]2015 [YR2015]2016 [YR2016]2017 [YR2017]2018 [YR2018]2019 [YR2019]2020 [YR2020]2021 [YR2021]2022 [YR2022],771
Turkiye,2003 [YR2003]2004 [YR2004]2005 [YR2005]2006 [YR2006]2007 [YR2007]2008 [YR2008]2009 [YR2009]2010 [YR2010]2011 [YR2011]2012 [YR2012]2013 [YR2013]2014 [YR2014]2015 [YR2015]2016 [YR2016]2017 [YR2017]2018 [YR2018]2019 [YR2019]2020 [YR2020]2021 [YR2021]2022 [YR2022],995
Turkmenistan,2003 [YR2003]2004 [YR2004]2005 [YR2005]2006 [YR2006]2007 [YR2007]2008 [YR2008]2009 [YR2009]2010 [YR2010]2011 [YR2011]2012 [YR2012]2013 [YR2013]2014 [YR2014]2015 [YR2015]2016 [YR2016]2017 [YR2017]2018 [YR2018]2019 [YR2019]2020 [YR2020]2021 [YR2021]2022 [YR2022],4558
Turks and Caicos Islands,2003 [YR2003]2004 [YR2004]2005 [YR2005]2006 [YR2006]2007 [YR2007]2008 [YR2008]2009 [YR2009]2010 [YR2010]2011 [YR2011]2012 [YR2012]2013 [YR2013]2014 [YR2014]2015 [YR2015]2016 [YR2016]2017 [YR2017]2018 [YR2018]2019 [YR2019]2020 [YR2020]2021 [YR2021]2022 [YR2022],8981
Tuvalu,2003 [YR2003]2004 [YR2004]2005 [YR2005]2006 [YR2006]2007 [YR2007]2008 [YR2008]2009 [YR2009]2010 [YR2010]2011 [YR2011]2012 [YR2012]2013 [YR2013]2014 [YR2014]2015 [YR2015]2016 [YR2016]2017 [YR2017]2018 [YR2018]2019 [YR2019]2020 [YR2020]2021 [YR2021]2022 [YR2022],6010
Uganda,2003 [YR2003]2004 [YR2004]2005 [YR2005]2006 [YR2006]2007 [YR2007]2008 [YR2008]2009 [YR2009]2010 [YR2010]2011 [YR2011]2012 [YR2012]2013 [YR2013]2014 [YR2014]2015 [YR2015]2016 [YR2016]2017 [YR2017]2018 [YR2018]2019 [YR2019]2020 [YR2020]2021 [YR2021]2022 [YR2022],858
Ukraine,2003 [YR2003]2004 [YR2004]2005 [YR2005]2006 [YR2006]2007 [YR2007]2008 [YR2008]2009 [YR2009]2010 [YR2010]2011 [YR2011]2012 [YR2012]2013 [YR2013]2014 [YR2014]2015 [YR2015]2016 [YR2016]2017 [YR2017]2018 [YR2018]2019 [YR2019]2020 [YR2020]2021 [YR2021]2022 [YR2022],718
United Arab Emirates,2003 [YR2003]2004 [YR2004]2005 [YR2005]2006 [YR2006]2007 [YR2007]2008 [YR2008]2009 [YR2009]2010 [YR2010]2011 [YR2011]2012 [YR2012]2013 [YR2013]2014 [YR2014]2015 [YR2015]2016 [YR2016]2017 [YR2017]2018 [YR2018]2019 [YR2019]2020 [YR2020]2021 [YR2021]2022 [YR2022],2731
United Kingdom,2003 [YR2003]2004 [YR2004]2005 [YR2005]2006 [YR2006]2007 [YR2007]2008 [YR2008]2009 [YR2009]2010 [YR2010]2011 [YR2011]2012 [YR2012]2013 [YR2013]2014 [YR2014]2015 [YR2015]2016 [YR2016]2017 [YR2017]2018 [YR2018]2019 [YR2019]2020 [YR2020]2021 [YR2021]2022 [YR2022],1116
United States,2003 [YR2003]2004 [YR2004]2005 [YR2005]2006 [YR2006]2007 [YR2007]2008 [YR2008]2009 [YR2009]2010 [YR2010]2011 [YR2011]2012 [YR2012]2013 [YR2013]2014 [YR2014]2015 [YR2015]2016 [YR2016]2017 [YR2017]2018 [YR2018]2019 [YR2019]2020 [YR2020]2021 [YR2021]2022 [YR2022],1523
Upper middle income,2003 [YR2003]2004 [YR2004]2005 [YR2005]2006 [YR2006]2007 [YR2007]2008 [YR2008]2009 [YR2009]2010 [YR2010]2011 [YR2011]2012 [YR2012]2013 [YR2013]2014 [YR2014]2015 [YR2015]2016 [YR2016]2017 [YR2017]2018 [YR2018]2019 [YR2019]2020 [YR2020]2021 [YR2021]2022 [YR2022],4369
Uruguay,2003 [YR2003]2004 [YR2004]2005 [YR2005]2006 [YR2006]2007 [YR2007]2008 [YR2008]2009 [YR2009]2010 [YR2010]2011 [YR2011]2012 [YR2012]2013 [YR2013]2014 [YR2014]2015 [YR2015]2016 [YR2016]2017 [YR2017]2018 [YR2018]2019 [YR2019]2020 [YR2020]2021 [YR2021]2022 [YR2022],1024
Uzbekistan,2003 [YR2003]2004 [YR2004]2005 [YR2005]2006 [YR2006]2007 [YR2007]2008 [YR2008]2009 [YR2009]2010 [YR2010]2011 [YR2011]2012 [YR2012]2013 [YR2013]2014 [YR2014]2015 [YR2015]2016 [YR2016]2017 [YR2017]2018 [YR2018]2019 [YR2019]2020 [YR2020]2021 [YR2021]2022 [YR2022],1430
Vanuatu,2003 [YR2003]2004 [YR2004]2005 [YR2005]2006 [YR2006]2007 [YR2007]2008 [YR2008]2009 [YR2009]2010 [YR2010]2011 [YR2011]2012 [YR2012]2013 [YR2013]2014 [YR2014]2015 [YR2015]2016 [YR2016]2017 [YR2017]2018 [YR2018]2019 [YR2019]2020 [YR2020]2021 [YR2021]2022 [YR2022],1673
"Venezuela, RB",2003 [YR2003]2004 [YR2004]2005 [YR2005]2006 [YR2006]2007 [YR2007]2008 [YR2008]2009 [YR2009]2010 [YR2010]2011 [YR2011]2012 [YR2012]2013 [YR2013]2014 [YR2014]2015 [YR2015]2016 [YR2016]2017 [YR2017]2018 [YR2018]2019 [YR2019]2020 [YR2020]2021 [YR2021]2022 [YR2022],3249
Viet Nam,2003 [YR2003]2004 [YR2004]2005 [YR2005]2006 [YR2006]2007 [YR2007]2008 [YR2008]2009 [YR2009]2010 [YR2010]2011 [YR2011]2012 [YR2012]2013 [YR2013]2014 [YR2014]2015 [YR2015]2016 [YR2016]2017 [YR2017]2018 [YR2018]2019 [YR2019]2020 [YR2020]2021 [YR2021]2022 [YR2022],1342
Virgin Islands (U.S.),2003 [YR2003]2004 [YR2004]2005 [YR2005]2006 [YR2006]2007 [YR2007]2008 [YR2008]2009 [YR2009]2010 [YR2010]2011 [YR2011]2012 [YR2012]2013 [YR2013]2014 [YR2014]2015 [YR2015]2016 [YR2016]2017 [YR2017]2018 [YR2018]2019 [YR2019]2020 [YR2020]2021 [YR2021]2022 [YR2022],9270
West Bank and Gaza,2003 [YR2003]2004 [YR2004]2005 [YR2005]2006 [YR2006]2007 [YR2007]2008 [YR2008]2009 [YR2009]2010 [YR2010]2011 [YR2011]2012 [YR2012]2013 [YR2013]2014 [YR2014]2015 [YR2015]2016 [YR2016]2017 [YR2017]2018 [YR2018]2019 [YR2019]2020 [YR2020]2021 [YR2021]2022 [YR2022],2110
World,2003 [YR2003]2004 [YR2004]2005 [YR2005]2006 [YR2006]2007 [YR2007]2008 [YR2008]2009 [YR2009]2010 [YR2010]2011 [YR2011]2012 [YR2012]2013 [YR2013]2014 [YR2014]2015 [YR2015]2016 [YR2016]2017 [YR2017]2018 [YR2018]2019 [YR2019]2020 [YR2020]2021 [YR2021]2022 [YR2022],4046
"Yemen, Rep.",2003 [YR2003]2004 [YR2004]2005 [YR2005]2006 [YR2006]2007 [YR2007]2008 [YR2008]2009 [YR2009]2010 [YR2010]2011 [YR2011]2012 [YR2012]2013 [YR2013]2014 [YR2014]2015 [YR2015]2016 [YR2016]2017 [YR2017]2018 [YR2018]2019 [YR2019]2020 [YR2020]2021 [YR2021]2022 [YR2022],2821
Zambia,2003 [YR2003]2004 [YR2004]2005 [YR2005]2006 [YR2006]2007 [YR2007]2008 [YR2008]2009 [YR2009]2010 [YR2010]2011 [YR2011]2012 [YR2012]2013 [YR2013]2014 [YR2014]2015 [YR2015]2016 [YR2016]2017 [YR2017]2018 [YR2018]2019 [YR2019]2020 [YR2020]2021 [YR2021]2022 [YR2022],1617
Zimbabwe,2003 [YR2003]2004 [YR2004]2005 [YR2005]2006 [YR2006]2007 [YR2007]2008 [YR2008]2009 [YR2009]2010 [YR2010]2011 [YR2011]2012 [YR2012]2013 [YR2013]2014 [YR2014]2015 [YR2015]2016 [YR2016]2017 [YR2017]2018 [YR2018]2019 [YR2019]2020 [YR2020]2021 [YR2021]2022 [YR2022],1745
